run_id,experiment_id,asset,asset_class,sector,regime,model,feature_family,failure_type,cost_sensitivity,instability_source,statistical_weakness,possible_economic_reason,next_hypothesis,final_decision
RP1_PUB005_TRUE_ROBUSTNESS_20260714T054241Z_7574f5fca030,RP1_PUB005_TRUE_ROBUSTNESS_20260714T054241Z_7574f5fca030_SPY_LightGBM_monthly_expanding_base_full,SPY,etfs,not_applicable_or_not_point_in_time,see_regime_appendix,LightGBM,full,weak_directional_evidence|large_drawdown|confidence_interval_crosses_chance|weak_permutation_evidence,see_cost_appendix,see_retraining_hyperparameter_feature_appendices,ci_or_permutation_q_blocks_promotion,medium_term_trend_effect_not_stable_enough,narrower_asset_regime_feature_hypothesis_or_reject,reject
RP1_PUB005_TRUE_ROBUSTNESS_20260714T054241Z_7574f5fca030,RP1_PUB005_TRUE_ROBUSTNESS_20260714T054241Z_7574f5fca030_SPY_XGBoost_monthly_expanding_base_full,SPY,etfs,not_applicable_or_not_point_in_time,see_regime_appendix,XGBoost,full,weak_directional_evidence|weak_permutation_evidence,see_cost_appendix,see_retraining_hyperparameter_feature_appendices,ci_or_permutation_q_blocks_promotion,medium_term_trend_effect_not_stable_enough,narrower_asset_regime_feature_hypothesis_or_reject,reject
RP1_PUB005_TRUE_ROBUSTNESS_20260714T054241Z_7574f5fca030,RP1_PUB005_TRUE_ROBUSTNESS_20260714T054241Z_7574f5fca030_SPY_CatBoost_monthly_expanding_base_full,SPY,etfs,not_applicable_or_not_point_in_time,see_regime_appendix,CatBoost,full,weak_directional_evidence|weak_permutation_evidence,see_cost_appendix,see_retraining_hyperparameter_feature_appendices,ci_or_permutation_q_blocks_promotion,medium_term_trend_effect_not_stable_enough,narrower_asset_regime_feature_hypothesis_or_reject,reject
RP1_PUB005_TRUE_ROBUSTNESS_20260714T054241Z_7574f5fca030,RP1_PUB005_TRUE_ROBUSTNESS_20260714T054241Z_7574f5fca030_QQQ_LightGBM_monthly_expanding_base_full,QQQ,etfs,not_applicable_or_not_point_in_time,see_regime_appendix,LightGBM,full,weak_directional_evidence|weak_permutation_evidence,see_cost_appendix,see_retraining_hyperparameter_feature_appendices,ci_or_permutation_q_blocks_promotion,medium_term_trend_effect_not_stable_enough,narrower_asset_regime_feature_hypothesis_or_reject,reject
RP1_PUB005_TRUE_ROBUSTNESS_20260714T054241Z_7574f5fca030,RP1_PUB005_TRUE_ROBUSTNESS_20260714T054241Z_7574f5fca030_QQQ_XGBoost_monthly_expanding_base_full,QQQ,etfs,not_applicable_or_not_point_in_time,see_regime_appendix,XGBoost,full,weak_directional_evidence|weak_permutation_evidence,see_cost_appendix,see_retraining_hyperparameter_feature_appendices,ci_or_permutation_q_blocks_promotion,medium_term_trend_effect_not_stable_enough,narrower_asset_regime_feature_hypothesis_or_reject,reject
RP1_PUB005_TRUE_ROBUSTNESS_20260714T054241Z_7574f5fca030,RP1_PUB005_TRUE_ROBUSTNESS_20260714T054241Z_7574f5fca030_QQQ_CatBoost_monthly_expanding_base_full,QQQ,etfs,not_applicable_or_not_point_in_time,see_regime_appendix,CatBoost,full,weak_directional_evidence|weak_permutation_evidence,see_cost_appendix,see_retraining_hyperparameter_feature_appendices,ci_or_permutation_q_blocks_promotion,medium_term_trend_effect_not_stable_enough,narrower_asset_regime_feature_hypothesis_or_reject,reject
RP1_PUB005_TRUE_ROBUSTNESS_20260714T054241Z_7574f5fca030,RP1_PUB005_TRUE_ROBUSTNESS_20260714T054241Z_7574f5fca030_VTI_LightGBM_monthly_expanding_base_full,VTI,etfs,not_applicable_or_not_point_in_time,see_regime_appendix,LightGBM,full,weak_directional_evidence|weak_permutation_evidence,see_cost_appendix,see_retraining_hyperparameter_feature_appendices,ci_or_permutation_q_blocks_promotion,medium_term_trend_effect_not_stable_enough,narrower_asset_regime_feature_hypothesis_or_reject,reject
RP1_PUB005_TRUE_ROBUSTNESS_20260714T054241Z_7574f5fca030,RP1_PUB005_TRUE_ROBUSTNESS_20260714T054241Z_7574f5fca030_VTI_XGBoost_monthly_expanding_base_full,VTI,etfs,not_applicable_or_not_point_in_time,see_regime_appendix,XGBoost,full,weak_directional_evidence|weak_permutation_evidence,see_cost_appendix,see_retraining_hyperparameter_feature_appendices,ci_or_permutation_q_blocks_promotion,medium_term_trend_effect_not_stable_enough,narrower_asset_regime_feature_hypothesis_or_reject,reject
RP1_PUB005_TRUE_ROBUSTNESS_20260714T054241Z_7574f5fca030,RP1_PUB005_TRUE_ROBUSTNESS_20260714T054241Z_7574f5fca030_VTI_CatBoost_monthly_expanding_base_full,VTI,etfs,not_applicable_or_not_point_in_time,see_regime_appendix,CatBoost,full,weak_directional_evidence|negative_realistic_cost_return|large_drawdown|confidence_interval_crosses_chance|weak_permutation_evidence,see_cost_appendix,see_retraining_hyperparameter_feature_appendices,ci_or_permutation_q_blocks_promotion,medium_term_trend_effect_not_stable_enough,narrower_asset_regime_feature_hypothesis_or_reject,reject
RP1_PUB005_TRUE_ROBUSTNESS_20260714T054241Z_7574f5fca030,RP1_PUB005_TRUE_ROBUSTNESS_20260714T054241Z_7574f5fca030_VOO_LightGBM_monthly_expanding_base_full,VOO,etfs,not_applicable_or_not_point_in_time,see_regime_appendix,LightGBM,full,weak_directional_evidence|weak_permutation_evidence,see_cost_appendix,see_retraining_hyperparameter_feature_appendices,ci_or_permutation_q_blocks_promotion,medium_term_trend_effect_not_stable_enough,narrower_asset_regime_feature_hypothesis_or_reject,reject
RP1_PUB005_TRUE_ROBUSTNESS_20260714T054241Z_7574f5fca030,RP1_PUB005_TRUE_ROBUSTNESS_20260714T054241Z_7574f5fca030_VOO_XGBoost_monthly_expanding_base_full,VOO,etfs,not_applicable_or_not_point_in_time,see_regime_appendix,XGBoost,full,weak_directional_evidence|weak_permutation_evidence,see_cost_appendix,see_retraining_hyperparameter_feature_appendices,ci_or_permutation_q_blocks_promotion,medium_term_trend_effect_not_stable_enough,narrower_asset_regime_feature_hypothesis_or_reject,reject
RP1_PUB005_TRUE_ROBUSTNESS_20260714T054241Z_7574f5fca030,RP1_PUB005_TRUE_ROBUSTNESS_20260714T054241Z_7574f5fca030_VOO_CatBoost_monthly_expanding_base_full,VOO,etfs,not_applicable_or_not_point_in_time,see_regime_appendix,CatBoost,full,weak_directional_evidence|large_drawdown|confidence_interval_crosses_chance|weak_permutation_evidence,see_cost_appendix,see_retraining_hyperparameter_feature_appendices,ci_or_permutation_q_blocks_promotion,medium_term_trend_effect_not_stable_enough,narrower_asset_regime_feature_hypothesis_or_reject,reject
RP1_PUB005_TRUE_ROBUSTNESS_20260714T054241Z_7574f5fca030,RP1_PUB005_TRUE_ROBUSTNESS_20260714T054241Z_7574f5fca030_IWM_LightGBM_monthly_expanding_base_full,IWM,etfs,not_applicable_or_not_point_in_time,see_regime_appendix,LightGBM,full,weak_directional_evidence|weak_permutation_evidence,see_cost_appendix,see_retraining_hyperparameter_feature_appendices,ci_or_permutation_q_blocks_promotion,medium_term_trend_effect_not_stable_enough,narrower_asset_regime_feature_hypothesis_or_reject,reject
RP1_PUB005_TRUE_ROBUSTNESS_20260714T054241Z_7574f5fca030,RP1_PUB005_TRUE_ROBUSTNESS_20260714T054241Z_7574f5fca030_IWM_XGBoost_monthly_expanding_base_full,IWM,etfs,not_applicable_or_not_point_in_time,see_regime_appendix,XGBoost,full,weak_directional_evidence|confidence_interval_crosses_chance|weak_permutation_evidence,see_cost_appendix,see_retraining_hyperparameter_feature_appendices,ci_or_permutation_q_blocks_promotion,medium_term_trend_effect_not_stable_enough,narrower_asset_regime_feature_hypothesis_or_reject,reject
RP1_PUB005_TRUE_ROBUSTNESS_20260714T054241Z_7574f5fca030,RP1_PUB005_TRUE_ROBUSTNESS_20260714T054241Z_7574f5fca030_IWM_CatBoost_monthly_expanding_base_full,IWM,etfs,not_applicable_or_not_point_in_time,see_regime_appendix,CatBoost,full,weak_directional_evidence|negative_realistic_cost_return|large_drawdown|confidence_interval_crosses_chance|weak_permutation_evidence,see_cost_appendix,see_retraining_hyperparameter_feature_appendices,ci_or_permutation_q_blocks_promotion,medium_term_trend_effect_not_stable_enough,narrower_asset_regime_feature_hypothesis_or_reject,reject
RP1_PUB005_TRUE_ROBUSTNESS_20260714T054241Z_7574f5fca030,RP1_PUB005_TRUE_ROBUSTNESS_20260714T054241Z_7574f5fca030_DIA_LightGBM_monthly_expanding_base_full,DIA,etfs,not_applicable_or_not_point_in_time,see_regime_appendix,LightGBM,full,weak_directional_evidence|weak_permutation_evidence,see_cost_appendix,see_retraining_hyperparameter_feature_appendices,ci_or_permutation_q_blocks_promotion,medium_term_trend_effect_not_stable_enough,narrower_asset_regime_feature_hypothesis_or_reject,reject
RP1_PUB005_TRUE_ROBUSTNESS_20260714T054241Z_7574f5fca030,RP1_PUB005_TRUE_ROBUSTNESS_20260714T054241Z_7574f5fca030_DIA_XGBoost_monthly_expanding_base_full,DIA,etfs,not_applicable_or_not_point_in_time,see_regime_appendix,XGBoost,full,weak_directional_evidence|confidence_interval_crosses_chance|weak_permutation_evidence,see_cost_appendix,see_retraining_hyperparameter_feature_appendices,ci_or_permutation_q_blocks_promotion,medium_term_trend_effect_not_stable_enough,narrower_asset_regime_feature_hypothesis_or_reject,reject
RP1_PUB005_TRUE_ROBUSTNESS_20260714T054241Z_7574f5fca030,RP1_PUB005_TRUE_ROBUSTNESS_20260714T054241Z_7574f5fca030_DIA_CatBoost_monthly_expanding_base_full,DIA,etfs,not_applicable_or_not_point_in_time,see_regime_appendix,CatBoost,full,weak_directional_evidence|confidence_interval_crosses_chance|weak_permutation_evidence,see_cost_appendix,see_retraining_hyperparameter_feature_appendices,ci_or_permutation_q_blocks_promotion,medium_term_trend_effect_not_stable_enough,narrower_asset_regime_feature_hypothesis_or_reject,reject
RP1_PUB005_TRUE_ROBUSTNESS_20260714T054241Z_7574f5fca030,RP1_PUB005_TRUE_ROBUSTNESS_20260714T054241Z_7574f5fca030_XLK_LightGBM_monthly_expanding_base_full,XLK,etfs,not_applicable_or_not_point_in_time,see_regime_appendix,LightGBM,full,weak_directional_evidence|weak_permutation_evidence,see_cost_appendix,see_retraining_hyperparameter_feature_appendices,ci_or_permutation_q_blocks_promotion,medium_term_trend_effect_not_stable_enough,narrower_asset_regime_feature_hypothesis_or_reject,reject
RP1_PUB005_TRUE_ROBUSTNESS_20260714T054241Z_7574f5fca030,RP1_PUB005_TRUE_ROBUSTNESS_20260714T054241Z_7574f5fca030_XLK_XGBoost_monthly_expanding_base_full,XLK,etfs,not_applicable_or_not_point_in_time,see_regime_appendix,XGBoost,full,weak_directional_evidence|weak_permutation_evidence,see_cost_appendix,see_retraining_hyperparameter_feature_appendices,ci_or_permutation_q_blocks_promotion,medium_term_trend_effect_not_stable_enough,narrower_asset_regime_feature_hypothesis_or_reject,reject
RP1_PUB005_TRUE_ROBUSTNESS_20260714T054241Z_7574f5fca030,RP1_PUB005_TRUE_ROBUSTNESS_20260714T054241Z_7574f5fca030_XLK_CatBoost_monthly_expanding_base_full,XLK,etfs,not_applicable_or_not_point_in_time,see_regime_appendix,CatBoost,full,weak_directional_evidence|weak_permutation_evidence,see_cost_appendix,see_retraining_hyperparameter_feature_appendices,ci_or_permutation_q_blocks_promotion,medium_term_trend_effect_not_stable_enough,narrower_asset_regime_feature_hypothesis_or_reject,reject
RP1_PUB005_TRUE_ROBUSTNESS_20260714T054241Z_7574f5fca030,RP1_PUB005_TRUE_ROBUSTNESS_20260714T054241Z_7574f5fca030_XLF_LightGBM_monthly_expanding_base_full,XLF,etfs,not_applicable_or_not_point_in_time,see_regime_appendix,LightGBM,full,weak_directional_evidence|confidence_interval_crosses_chance|weak_permutation_evidence,see_cost_appendix,see_retraining_hyperparameter_feature_appendices,ci_or_permutation_q_blocks_promotion,medium_term_trend_effect_not_stable_enough,narrower_asset_regime_feature_hypothesis_or_reject,reject
RP1_PUB005_TRUE_ROBUSTNESS_20260714T054241Z_7574f5fca030,RP1_PUB005_TRUE_ROBUSTNESS_20260714T054241Z_7574f5fca030_XLF_XGBoost_monthly_expanding_base_full,XLF,etfs,not_applicable_or_not_point_in_time,see_regime_appendix,XGBoost,full,weak_directional_evidence|confidence_interval_crosses_chance|weak_permutation_evidence,see_cost_appendix,see_retraining_hyperparameter_feature_appendices,ci_or_permutation_q_blocks_promotion,medium_term_trend_effect_not_stable_enough,narrower_asset_regime_feature_hypothesis_or_reject,reject
RP1_PUB005_TRUE_ROBUSTNESS_20260714T054241Z_7574f5fca030,RP1_PUB005_TRUE_ROBUSTNESS_20260714T054241Z_7574f5fca030_XLF_CatBoost_monthly_expanding_base_full,XLF,etfs,not_applicable_or_not_point_in_time,see_regime_appendix,CatBoost,full,confidence_interval_crosses_chance|weak_permutation_evidence,see_cost_appendix,see_retraining_hyperparameter_feature_appendices,ci_or_permutation_q_blocks_promotion,medium_term_trend_effect_not_stable_enough,narrower_asset_regime_feature_hypothesis_or_reject,continue research
RP1_PUB005_TRUE_ROBUSTNESS_20260714T054241Z_7574f5fca030,RP1_PUB005_TRUE_ROBUSTNESS_20260714T054241Z_7574f5fca030_XLE_LightGBM_monthly_expanding_base_full,XLE,etfs,not_applicable_or_not_point_in_time,see_regime_appendix,LightGBM,full,survived_screening_but_not_promoted,see_cost_appendix,see_retraining_hyperparameter_feature_appendices,ci_or_permutation_q_blocks_promotion,medium_term_trend_effect_not_stable_enough,narrower_asset_regime_feature_hypothesis_or_reject,robustness candidate
RP1_PUB005_TRUE_ROBUSTNESS_20260714T054241Z_7574f5fca030,RP1_PUB005_TRUE_ROBUSTNESS_20260714T054241Z_7574f5fca030_XLE_XGBoost_monthly_expanding_base_full,XLE,etfs,not_applicable_or_not_point_in_time,see_regime_appendix,XGBoost,full,survived_screening_but_not_promoted,see_cost_appendix,see_retraining_hyperparameter_feature_appendices,ci_or_permutation_q_blocks_promotion,medium_term_trend_effect_not_stable_enough,narrower_asset_regime_feature_hypothesis_or_reject,robustness candidate
RP1_PUB005_TRUE_ROBUSTNESS_20260714T054241Z_7574f5fca030,RP1_PUB005_TRUE_ROBUSTNESS_20260714T054241Z_7574f5fca030_XLE_CatBoost_monthly_expanding_base_full,XLE,etfs,not_applicable_or_not_point_in_time,see_regime_appendix,CatBoost,full,survived_screening_but_not_promoted,see_cost_appendix,see_retraining_hyperparameter_feature_appendices,ci_or_permutation_q_blocks_promotion,medium_term_trend_effect_not_stable_enough,narrower_asset_regime_feature_hypothesis_or_reject,robustness candidate
RP1_PUB005_TRUE_ROBUSTNESS_20260714T054241Z_7574f5fca030,RP1_PUB005_TRUE_ROBUSTNESS_20260714T054241Z_7574f5fca030_EURUSDX_LightGBM_monthly_expanding_base_full,EURUSD=X,forex,not_applicable_or_not_point_in_time,see_regime_appendix,LightGBM,full,weak_directional_evidence|confidence_interval_crosses_chance|weak_permutation_evidence,see_cost_appendix,see_retraining_hyperparameter_feature_appendices,ci_or_permutation_q_blocks_promotion,medium_term_trend_effect_not_stable_enough,narrower_asset_regime_feature_hypothesis_or_reject,reject
RP1_PUB005_TRUE_ROBUSTNESS_20260714T054241Z_7574f5fca030,RP1_PUB005_TRUE_ROBUSTNESS_20260714T054241Z_7574f5fca030_EURUSDX_XGBoost_monthly_expanding_base_full,EURUSD=X,forex,not_applicable_or_not_point_in_time,see_regime_appendix,XGBoost,full,negative_realistic_cost_return|confidence_interval_crosses_chance|weak_permutation_evidence,see_cost_appendix,see_retraining_hyperparameter_feature_appendices,ci_or_permutation_q_blocks_promotion,medium_term_trend_effect_not_stable_enough,narrower_asset_regime_feature_hypothesis_or_reject,defer
RP1_PUB005_TRUE_ROBUSTNESS_20260714T054241Z_7574f5fca030,RP1_PUB005_TRUE_ROBUSTNESS_20260714T054241Z_7574f5fca030_EURUSDX_CatBoost_monthly_expanding_base_full,EURUSD=X,forex,not_applicable_or_not_point_in_time,see_regime_appendix,CatBoost,full,confidence_interval_crosses_chance,see_cost_appendix,see_retraining_hyperparameter_feature_appendices,ci_or_permutation_q_blocks_promotion,medium_term_trend_effect_not_stable_enough,narrower_asset_regime_feature_hypothesis_or_reject,continue research
RP1_PUB005_TRUE_ROBUSTNESS_20260714T054241Z_7574f5fca030,RP1_PUB005_TRUE_ROBUSTNESS_20260714T054241Z_7574f5fca030_GBPUSDX_LightGBM_monthly_expanding_base_full,GBPUSD=X,forex,not_applicable_or_not_point_in_time,see_regime_appendix,LightGBM,full,weak_directional_evidence|weak_permutation_evidence,see_cost_appendix,see_retraining_hyperparameter_feature_appendices,ci_or_permutation_q_blocks_promotion,medium_term_trend_effect_not_stable_enough,narrower_asset_regime_feature_hypothesis_or_reject,reject
RP1_PUB005_TRUE_ROBUSTNESS_20260714T054241Z_7574f5fca030,RP1_PUB005_TRUE_ROBUSTNESS_20260714T054241Z_7574f5fca030_GBPUSDX_XGBoost_monthly_expanding_base_full,GBPUSD=X,forex,not_applicable_or_not_point_in_time,see_regime_appendix,XGBoost,full,weak_directional_evidence|negative_realistic_cost_return|confidence_interval_crosses_chance|weak_permutation_evidence,see_cost_appendix,see_retraining_hyperparameter_feature_appendices,ci_or_permutation_q_blocks_promotion,medium_term_trend_effect_not_stable_enough,narrower_asset_regime_feature_hypothesis_or_reject,reject
RP1_PUB005_TRUE_ROBUSTNESS_20260714T054241Z_7574f5fca030,RP1_PUB005_TRUE_ROBUSTNESS_20260714T054241Z_7574f5fca030_GBPUSDX_CatBoost_monthly_expanding_base_full,GBPUSD=X,forex,not_applicable_or_not_point_in_time,see_regime_appendix,CatBoost,full,weak_directional_evidence|confidence_interval_crosses_chance|weak_permutation_evidence,see_cost_appendix,see_retraining_hyperparameter_feature_appendices,ci_or_permutation_q_blocks_promotion,medium_term_trend_effect_not_stable_enough,narrower_asset_regime_feature_hypothesis_or_reject,reject
RP1_PUB005_TRUE_ROBUSTNESS_20260714T054241Z_7574f5fca030,RP1_PUB005_TRUE_ROBUSTNESS_20260714T054241Z_7574f5fca030_JPYX_LightGBM_monthly_expanding_base_full,JPY=X,forex,not_applicable_or_not_point_in_time,see_regime_appendix,LightGBM,full,weak_directional_evidence|negative_realistic_cost_return|large_drawdown|confidence_interval_crosses_chance|weak_permutation_evidence,see_cost_appendix,see_retraining_hyperparameter_feature_appendices,ci_or_permutation_q_blocks_promotion,medium_term_trend_effect_not_stable_enough,narrower_asset_regime_feature_hypothesis_or_reject,reject
RP1_PUB005_TRUE_ROBUSTNESS_20260714T054241Z_7574f5fca030,RP1_PUB005_TRUE_ROBUSTNESS_20260714T054241Z_7574f5fca030_JPYX_XGBoost_monthly_expanding_base_full,JPY=X,forex,not_applicable_or_not_point_in_time,see_regime_appendix,XGBoost,full,weak_directional_evidence|negative_realistic_cost_return|large_drawdown|confidence_interval_crosses_chance|weak_permutation_evidence,see_cost_appendix,see_retraining_hyperparameter_feature_appendices,ci_or_permutation_q_blocks_promotion,medium_term_trend_effect_not_stable_enough,narrower_asset_regime_feature_hypothesis_or_reject,reject
RP1_PUB005_TRUE_ROBUSTNESS_20260714T054241Z_7574f5fca030,RP1_PUB005_TRUE_ROBUSTNESS_20260714T054241Z_7574f5fca030_JPYX_CatBoost_monthly_expanding_base_full,JPY=X,forex,not_applicable_or_not_point_in_time,see_regime_appendix,CatBoost,full,weak_directional_evidence|negative_realistic_cost_return|large_drawdown|confidence_interval_crosses_chance|weak_permutation_evidence,see_cost_appendix,see_retraining_hyperparameter_feature_appendices,ci_or_permutation_q_blocks_promotion,medium_term_trend_effect_not_stable_enough,narrower_asset_regime_feature_hypothesis_or_reject,reject
RP1_PUB005_TRUE_ROBUSTNESS_20260714T054241Z_7574f5fca030,RP1_PUB005_TRUE_ROBUSTNESS_20260714T054241Z_7574f5fca030_INRX_LightGBM_monthly_expanding_base_full,INR=X,forex,not_applicable_or_not_point_in_time,see_regime_appendix,LightGBM,full,negative_realistic_cost_return|confidence_interval_crosses_chance|weak_permutation_evidence,see_cost_appendix,see_retraining_hyperparameter_feature_appendices,ci_or_permutation_q_blocks_promotion,medium_term_trend_effect_not_stable_enough,narrower_asset_regime_feature_hypothesis_or_reject,defer
RP1_PUB005_TRUE_ROBUSTNESS_20260714T054241Z_7574f5fca030,RP1_PUB005_TRUE_ROBUSTNESS_20260714T054241Z_7574f5fca030_INRX_XGBoost_monthly_expanding_base_full,INR=X,forex,not_applicable_or_not_point_in_time,see_regime_appendix,XGBoost,full,weak_directional_evidence|negative_realistic_cost_return|confidence_interval_crosses_chance|weak_permutation_evidence,see_cost_appendix,see_retraining_hyperparameter_feature_appendices,ci_or_permutation_q_blocks_promotion,medium_term_trend_effect_not_stable_enough,narrower_asset_regime_feature_hypothesis_or_reject,reject
RP1_PUB005_TRUE_ROBUSTNESS_20260714T054241Z_7574f5fca030,RP1_PUB005_TRUE_ROBUSTNESS_20260714T054241Z_7574f5fca030_INRX_CatBoost_monthly_expanding_base_full,INR=X,forex,not_applicable_or_not_point_in_time,see_regime_appendix,CatBoost,full,weak_directional_evidence|negative_realistic_cost_return|confidence_interval_crosses_chance|weak_permutation_evidence,see_cost_appendix,see_retraining_hyperparameter_feature_appendices,ci_or_permutation_q_blocks_promotion,medium_term_trend_effect_not_stable_enough,narrower_asset_regime_feature_hypothesis_or_reject,reject
RP1_PUB005_TRUE_ROBUSTNESS_20260714T054241Z_7574f5fca030,RP1_PUB005_TRUE_ROBUSTNESS_20260714T054241Z_7574f5fca030_AUDUSDX_LightGBM_monthly_expanding_base_full,AUDUSD=X,forex,not_applicable_or_not_point_in_time,see_regime_appendix,LightGBM,full,weak_directional_evidence|weak_permutation_evidence,see_cost_appendix,see_retraining_hyperparameter_feature_appendices,ci_or_permutation_q_blocks_promotion,medium_term_trend_effect_not_stable_enough,narrower_asset_regime_feature_hypothesis_or_reject,reject
RP1_PUB005_TRUE_ROBUSTNESS_20260714T054241Z_7574f5fca030,RP1_PUB005_TRUE_ROBUSTNESS_20260714T054241Z_7574f5fca030_AUDUSDX_XGBoost_monthly_expanding_base_full,AUDUSD=X,forex,not_applicable_or_not_point_in_time,see_regime_appendix,XGBoost,full,weak_directional_evidence|weak_permutation_evidence,see_cost_appendix,see_retraining_hyperparameter_feature_appendices,ci_or_permutation_q_blocks_promotion,medium_term_trend_effect_not_stable_enough,narrower_asset_regime_feature_hypothesis_or_reject,reject
RP1_PUB005_TRUE_ROBUSTNESS_20260714T054241Z_7574f5fca030,RP1_PUB005_TRUE_ROBUSTNESS_20260714T054241Z_7574f5fca030_AUDUSDX_CatBoost_monthly_expanding_base_full,AUDUSD=X,forex,not_applicable_or_not_point_in_time,see_regime_appendix,CatBoost,full,weak_directional_evidence|weak_permutation_evidence,see_cost_appendix,see_retraining_hyperparameter_feature_appendices,ci_or_permutation_q_blocks_promotion,medium_term_trend_effect_not_stable_enough,narrower_asset_regime_feature_hypothesis_or_reject,reject
RP1_PUB005_TRUE_ROBUSTNESS_20260714T054241Z_7574f5fca030,RP1_PUB005_TRUE_ROBUSTNESS_20260714T054241Z_7574f5fca030_CADX_LightGBM_monthly_expanding_base_full,CAD=X,forex,not_applicable_or_not_point_in_time,see_regime_appendix,LightGBM,full,weak_directional_evidence|negative_realistic_cost_return|confidence_interval_crosses_chance|weak_permutation_evidence,see_cost_appendix,see_retraining_hyperparameter_feature_appendices,ci_or_permutation_q_blocks_promotion,medium_term_trend_effect_not_stable_enough,narrower_asset_regime_feature_hypothesis_or_reject,reject
RP1_PUB005_TRUE_ROBUSTNESS_20260714T054241Z_7574f5fca030,RP1_PUB005_TRUE_ROBUSTNESS_20260714T054241Z_7574f5fca030_CADX_XGBoost_monthly_expanding_base_full,CAD=X,forex,not_applicable_or_not_point_in_time,see_regime_appendix,XGBoost,full,weak_directional_evidence|confidence_interval_crosses_chance|weak_permutation_evidence,see_cost_appendix,see_retraining_hyperparameter_feature_appendices,ci_or_permutation_q_blocks_promotion,medium_term_trend_effect_not_stable_enough,narrower_asset_regime_feature_hypothesis_or_reject,reject
RP1_PUB005_TRUE_ROBUSTNESS_20260714T054241Z_7574f5fca030,RP1_PUB005_TRUE_ROBUSTNESS_20260714T054241Z_7574f5fca030_CADX_CatBoost_monthly_expanding_base_full,CAD=X,forex,not_applicable_or_not_point_in_time,see_regime_appendix,CatBoost,full,weak_directional_evidence|weak_permutation_evidence,see_cost_appendix,see_retraining_hyperparameter_feature_appendices,ci_or_permutation_q_blocks_promotion,medium_term_trend_effect_not_stable_enough,narrower_asset_regime_feature_hypothesis_or_reject,reject
RP1_PUB005_TRUE_ROBUSTNESS_20260714T054241Z_7574f5fca030,RP1_PUB005_TRUE_ROBUSTNESS_20260714T054241Z_7574f5fca030_AAPL_LightGBM_monthly_expanding_base_full,AAPL,stocks,not_applicable_or_not_point_in_time,see_regime_appendix,LightGBM,full,weak_directional_evidence|negative_realistic_cost_return|confidence_interval_crosses_chance|weak_permutation_evidence,see_cost_appendix,see_retraining_hyperparameter_feature_appendices,ci_or_permutation_q_blocks_promotion,medium_term_trend_effect_not_stable_enough,narrower_asset_regime_feature_hypothesis_or_reject,reject
RP1_PUB005_TRUE_ROBUSTNESS_20260714T054241Z_7574f5fca030,RP1_PUB005_TRUE_ROBUSTNESS_20260714T054241Z_7574f5fca030_AAPL_XGBoost_monthly_expanding_base_full,AAPL,stocks,not_applicable_or_not_point_in_time,see_regime_appendix,XGBoost,full,weak_directional_evidence|negative_realistic_cost_return|confidence_interval_crosses_chance|weak_permutation_evidence,see_cost_appendix,see_retraining_hyperparameter_feature_appendices,ci_or_permutation_q_blocks_promotion,medium_term_trend_effect_not_stable_enough,narrower_asset_regime_feature_hypothesis_or_reject,reject
RP1_PUB005_TRUE_ROBUSTNESS_20260714T054241Z_7574f5fca030,RP1_PUB005_TRUE_ROBUSTNESS_20260714T054241Z_7574f5fca030_AAPL_CatBoost_monthly_expanding_base_full,AAPL,stocks,not_applicable_or_not_point_in_time,see_regime_appendix,CatBoost,full,weak_directional_evidence|negative_realistic_cost_return|confidence_interval_crosses_chance|weak_permutation_evidence,see_cost_appendix,see_retraining_hyperparameter_feature_appendices,ci_or_permutation_q_blocks_promotion,medium_term_trend_effect_not_stable_enough,narrower_asset_regime_feature_hypothesis_or_reject,reject
RP1_PUB005_TRUE_ROBUSTNESS_20260714T054241Z_7574f5fca030,RP1_PUB005_TRUE_ROBUSTNESS_20260714T054241Z_7574f5fca030_UNH_LightGBM_monthly_expanding_base_full,UNH,stocks,not_applicable_or_not_point_in_time,see_regime_appendix,LightGBM,full,weak_directional_evidence|negative_realistic_cost_return|large_drawdown|confidence_interval_crosses_chance|weak_permutation_evidence,see_cost_appendix,see_retraining_hyperparameter_feature_appendices,ci_or_permutation_q_blocks_promotion,medium_term_trend_effect_not_stable_enough,narrower_asset_regime_feature_hypothesis_or_reject,reject
RP1_PUB005_TRUE_ROBUSTNESS_20260714T054241Z_7574f5fca030,RP1_PUB005_TRUE_ROBUSTNESS_20260714T054241Z_7574f5fca030_UNH_XGBoost_monthly_expanding_base_full,UNH,stocks,not_applicable_or_not_point_in_time,see_regime_appendix,XGBoost,full,weak_directional_evidence|negative_realistic_cost_return|large_drawdown|confidence_interval_crosses_chance|weak_permutation_evidence,see_cost_appendix,see_retraining_hyperparameter_feature_appendices,ci_or_permutation_q_blocks_promotion,medium_term_trend_effect_not_stable_enough,narrower_asset_regime_feature_hypothesis_or_reject,reject
RP1_PUB005_TRUE_ROBUSTNESS_20260714T054241Z_7574f5fca030,RP1_PUB005_TRUE_ROBUSTNESS_20260714T054241Z_7574f5fca030_UNH_CatBoost_monthly_expanding_base_full,UNH,stocks,not_applicable_or_not_point_in_time,see_regime_appendix,CatBoost,full,negative_realistic_cost_return|large_drawdown|confidence_interval_crosses_chance|weak_permutation_evidence,see_cost_appendix,see_retraining_hyperparameter_feature_appendices,ci_or_permutation_q_blocks_promotion,medium_term_trend_effect_not_stable_enough,narrower_asset_regime_feature_hypothesis_or_reject,defer
RP1_PUB005_TRUE_ROBUSTNESS_20260714T054241Z_7574f5fca030,RP1_PUB005_TRUE_ROBUSTNESS_20260714T054241Z_7574f5fca030_AMZN_LightGBM_monthly_expanding_base_full,AMZN,stocks,not_applicable_or_not_point_in_time,see_regime_appendix,LightGBM,full,weak_directional_evidence|weak_permutation_evidence,see_cost_appendix,see_retraining_hyperparameter_feature_appendices,ci_or_permutation_q_blocks_promotion,medium_term_trend_effect_not_stable_enough,narrower_asset_regime_feature_hypothesis_or_reject,reject
RP1_PUB005_TRUE_ROBUSTNESS_20260714T054241Z_7574f5fca030,RP1_PUB005_TRUE_ROBUSTNESS_20260714T054241Z_7574f5fca030_AMZN_XGBoost_monthly_expanding_base_full,AMZN,stocks,not_applicable_or_not_point_in_time,see_regime_appendix,XGBoost,full,weak_directional_evidence|weak_permutation_evidence,see_cost_appendix,see_retraining_hyperparameter_feature_appendices,ci_or_permutation_q_blocks_promotion,medium_term_trend_effect_not_stable_enough,narrower_asset_regime_feature_hypothesis_or_reject,reject
RP1_PUB005_TRUE_ROBUSTNESS_20260714T054241Z_7574f5fca030,RP1_PUB005_TRUE_ROBUSTNESS_20260714T054241Z_7574f5fca030_AMZN_CatBoost_monthly_expanding_base_full,AMZN,stocks,not_applicable_or_not_point_in_time,see_regime_appendix,CatBoost,full,large_drawdown|confidence_interval_crosses_chance|weak_permutation_evidence,see_cost_appendix,see_retraining_hyperparameter_feature_appendices,ci_or_permutation_q_blocks_promotion,medium_term_trend_effect_not_stable_enough,narrower_asset_regime_feature_hypothesis_or_reject,continue research
RP1_PUB005_TRUE_ROBUSTNESS_20260714T054241Z_7574f5fca030,RP1_PUB005_TRUE_ROBUSTNESS_20260714T054241Z_7574f5fca030_NVDA_LightGBM_monthly_expanding_base_full,NVDA,stocks,not_applicable_or_not_point_in_time,see_regime_appendix,LightGBM,full,weak_directional_evidence|weak_permutation_evidence,see_cost_appendix,see_retraining_hyperparameter_feature_appendices,ci_or_permutation_q_blocks_promotion,medium_term_trend_effect_not_stable_enough,narrower_asset_regime_feature_hypothesis_or_reject,reject
RP1_PUB005_TRUE_ROBUSTNESS_20260714T054241Z_7574f5fca030,RP1_PUB005_TRUE_ROBUSTNESS_20260714T054241Z_7574f5fca030_NVDA_XGBoost_monthly_expanding_base_full,NVDA,stocks,not_applicable_or_not_point_in_time,see_regime_appendix,XGBoost,full,weak_directional_evidence|weak_permutation_evidence,see_cost_appendix,see_retraining_hyperparameter_feature_appendices,ci_or_permutation_q_blocks_promotion,medium_term_trend_effect_not_stable_enough,narrower_asset_regime_feature_hypothesis_or_reject,reject
RP1_PUB005_TRUE_ROBUSTNESS_20260714T054241Z_7574f5fca030,RP1_PUB005_TRUE_ROBUSTNESS_20260714T054241Z_7574f5fca030_NVDA_CatBoost_monthly_expanding_base_full,NVDA,stocks,not_applicable_or_not_point_in_time,see_regime_appendix,CatBoost,full,weak_directional_evidence|negative_realistic_cost_return|large_drawdown|confidence_interval_crosses_chance|weak_permutation_evidence,see_cost_appendix,see_retraining_hyperparameter_feature_appendices,ci_or_permutation_q_blocks_promotion,medium_term_trend_effect_not_stable_enough,narrower_asset_regime_feature_hypothesis_or_reject,reject
RP1_PUB005_TRUE_ROBUSTNESS_20260714T054241Z_7574f5fca030,RP1_PUB005_TRUE_ROBUSTNESS_20260714T054241Z_7574f5fca030_TSLA_LightGBM_monthly_expanding_base_full,TSLA,stocks,not_applicable_or_not_point_in_time,see_regime_appendix,LightGBM,full,weak_directional_evidence|weak_permutation_evidence,see_cost_appendix,see_retraining_hyperparameter_feature_appendices,ci_or_permutation_q_blocks_promotion,medium_term_trend_effect_not_stable_enough,narrower_asset_regime_feature_hypothesis_or_reject,reject
RP1_PUB005_TRUE_ROBUSTNESS_20260714T054241Z_7574f5fca030,RP1_PUB005_TRUE_ROBUSTNESS_20260714T054241Z_7574f5fca030_TSLA_XGBoost_monthly_expanding_base_full,TSLA,stocks,not_applicable_or_not_point_in_time,see_regime_appendix,XGBoost,full,weak_directional_evidence|weak_permutation_evidence,see_cost_appendix,see_retraining_hyperparameter_feature_appendices,ci_or_permutation_q_blocks_promotion,medium_term_trend_effect_not_stable_enough,narrower_asset_regime_feature_hypothesis_or_reject,reject
RP1_PUB005_TRUE_ROBUSTNESS_20260714T054241Z_7574f5fca030,RP1_PUB005_TRUE_ROBUSTNESS_20260714T054241Z_7574f5fca030_TSLA_CatBoost_monthly_expanding_base_full,TSLA,stocks,not_applicable_or_not_point_in_time,see_regime_appendix,CatBoost,full,negative_realistic_cost_return|large_drawdown|confidence_interval_crosses_chance|weak_permutation_evidence,see_cost_appendix,see_retraining_hyperparameter_feature_appendices,ci_or_permutation_q_blocks_promotion,medium_term_trend_effect_not_stable_enough,narrower_asset_regime_feature_hypothesis_or_reject,defer
