candidate,asset,seed,fold_id,timestamps_aligned,labels_aligned,horizon_days,costs_aligned,rows
random,SPY,11,long_window_01,True,True,20,True,126
historical_mean,SPY,11,long_window_01,True,True,20,True,126
random_walk,SPY,11,long_window_01,True,True,20,True,126
buy_hold,SPY,11,long_window_01,True,True,20,True,126
momentum,SPY,11,long_window_01,True,True,20,True,126
moving_average,SPY,11,long_window_01,True,True,20,True,126
logistic_regression,SPY,11,long_window_01,True,True,20,True,126
LightGBM,SPY,11,long_window_01,True,True,20,True,126
XGBoost,SPY,11,long_window_01,True,True,20,True,126
CatBoost,SPY,11,long_window_01,True,True,20,True,126
random,SPY,17,long_window_01,True,True,20,True,126
historical_mean,SPY,17,long_window_01,True,True,20,True,126
random_walk,SPY,17,long_window_01,True,True,20,True,126
buy_hold,SPY,17,long_window_01,True,True,20,True,126
momentum,SPY,17,long_window_01,True,True,20,True,126
moving_average,SPY,17,long_window_01,True,True,20,True,126
logistic_regression,SPY,17,long_window_01,True,True,20,True,126
LightGBM,SPY,17,long_window_01,True,True,20,True,126
XGBoost,SPY,17,long_window_01,True,True,20,True,126
CatBoost,SPY,17,long_window_01,True,True,20,True,126
random,SPY,23,long_window_01,True,True,20,True,126
historical_mean,SPY,23,long_window_01,True,True,20,True,126
random_walk,SPY,23,long_window_01,True,True,20,True,126
buy_hold,SPY,23,long_window_01,True,True,20,True,126
momentum,SPY,23,long_window_01,True,True,20,True,126
moving_average,SPY,23,long_window_01,True,True,20,True,126
logistic_regression,SPY,23,long_window_01,True,True,20,True,126
LightGBM,SPY,23,long_window_01,True,True,20,True,126
XGBoost,SPY,23,long_window_01,True,True,20,True,126
CatBoost,SPY,23,long_window_01,True,True,20,True,126
random,SPY,42,long_window_01,True,True,20,True,126
historical_mean,SPY,42,long_window_01,True,True,20,True,126
random_walk,SPY,42,long_window_01,True,True,20,True,126
buy_hold,SPY,42,long_window_01,True,True,20,True,126
momentum,SPY,42,long_window_01,True,True,20,True,126
moving_average,SPY,42,long_window_01,True,True,20,True,126
logistic_regression,SPY,42,long_window_01,True,True,20,True,126
LightGBM,SPY,42,long_window_01,True,True,20,True,126
XGBoost,SPY,42,long_window_01,True,True,20,True,126
CatBoost,SPY,42,long_window_01,True,True,20,True,126
random,SPY,11,long_window_02,True,True,20,True,126
historical_mean,SPY,11,long_window_02,True,True,20,True,126
random_walk,SPY,11,long_window_02,True,True,20,True,126
buy_hold,SPY,11,long_window_02,True,True,20,True,126
momentum,SPY,11,long_window_02,True,True,20,True,126
moving_average,SPY,11,long_window_02,True,True,20,True,126
logistic_regression,SPY,11,long_window_02,True,True,20,True,126
LightGBM,SPY,11,long_window_02,True,True,20,True,126
XGBoost,SPY,11,long_window_02,True,True,20,True,126
CatBoost,SPY,11,long_window_02,True,True,20,True,126
random,SPY,17,long_window_02,True,True,20,True,126
historical_mean,SPY,17,long_window_02,True,True,20,True,126
random_walk,SPY,17,long_window_02,True,True,20,True,126
buy_hold,SPY,17,long_window_02,True,True,20,True,126
momentum,SPY,17,long_window_02,True,True,20,True,126
moving_average,SPY,17,long_window_02,True,True,20,True,126
logistic_regression,SPY,17,long_window_02,True,True,20,True,126
LightGBM,SPY,17,long_window_02,True,True,20,True,126
XGBoost,SPY,17,long_window_02,True,True,20,True,126
CatBoost,SPY,17,long_window_02,True,True,20,True,126
random,SPY,23,long_window_02,True,True,20,True,126
historical_mean,SPY,23,long_window_02,True,True,20,True,126
random_walk,SPY,23,long_window_02,True,True,20,True,126
buy_hold,SPY,23,long_window_02,True,True,20,True,126
momentum,SPY,23,long_window_02,True,True,20,True,126
moving_average,SPY,23,long_window_02,True,True,20,True,126
logistic_regression,SPY,23,long_window_02,True,True,20,True,126
LightGBM,SPY,23,long_window_02,True,True,20,True,126
XGBoost,SPY,23,long_window_02,True,True,20,True,126
CatBoost,SPY,23,long_window_02,True,True,20,True,126
random,SPY,42,long_window_02,True,True,20,True,126
historical_mean,SPY,42,long_window_02,True,True,20,True,126
random_walk,SPY,42,long_window_02,True,True,20,True,126
buy_hold,SPY,42,long_window_02,True,True,20,True,126
momentum,SPY,42,long_window_02,True,True,20,True,126
moving_average,SPY,42,long_window_02,True,True,20,True,126
logistic_regression,SPY,42,long_window_02,True,True,20,True,126
LightGBM,SPY,42,long_window_02,True,True,20,True,126
XGBoost,SPY,42,long_window_02,True,True,20,True,126
CatBoost,SPY,42,long_window_02,True,True,20,True,126
random,QQQ,11,long_window_01,True,True,20,True,126
historical_mean,QQQ,11,long_window_01,True,True,20,True,126
random_walk,QQQ,11,long_window_01,True,True,20,True,126
buy_hold,QQQ,11,long_window_01,True,True,20,True,126
momentum,QQQ,11,long_window_01,True,True,20,True,126
moving_average,QQQ,11,long_window_01,True,True,20,True,126
logistic_regression,QQQ,11,long_window_01,True,True,20,True,126
LightGBM,QQQ,11,long_window_01,True,True,20,True,126
XGBoost,QQQ,11,long_window_01,True,True,20,True,126
CatBoost,QQQ,11,long_window_01,True,True,20,True,126
random,QQQ,17,long_window_01,True,True,20,True,126
historical_mean,QQQ,17,long_window_01,True,True,20,True,126
random_walk,QQQ,17,long_window_01,True,True,20,True,126
buy_hold,QQQ,17,long_window_01,True,True,20,True,126
momentum,QQQ,17,long_window_01,True,True,20,True,126
moving_average,QQQ,17,long_window_01,True,True,20,True,126
logistic_regression,QQQ,17,long_window_01,True,True,20,True,126
LightGBM,QQQ,17,long_window_01,True,True,20,True,126
XGBoost,QQQ,17,long_window_01,True,True,20,True,126
CatBoost,QQQ,17,long_window_01,True,True,20,True,126
random,QQQ,23,long_window_01,True,True,20,True,126
historical_mean,QQQ,23,long_window_01,True,True,20,True,126
random_walk,QQQ,23,long_window_01,True,True,20,True,126
buy_hold,QQQ,23,long_window_01,True,True,20,True,126
momentum,QQQ,23,long_window_01,True,True,20,True,126
moving_average,QQQ,23,long_window_01,True,True,20,True,126
logistic_regression,QQQ,23,long_window_01,True,True,20,True,126
LightGBM,QQQ,23,long_window_01,True,True,20,True,126
XGBoost,QQQ,23,long_window_01,True,True,20,True,126
CatBoost,QQQ,23,long_window_01,True,True,20,True,126
random,QQQ,42,long_window_01,True,True,20,True,126
historical_mean,QQQ,42,long_window_01,True,True,20,True,126
random_walk,QQQ,42,long_window_01,True,True,20,True,126
buy_hold,QQQ,42,long_window_01,True,True,20,True,126
momentum,QQQ,42,long_window_01,True,True,20,True,126
moving_average,QQQ,42,long_window_01,True,True,20,True,126
logistic_regression,QQQ,42,long_window_01,True,True,20,True,126
LightGBM,QQQ,42,long_window_01,True,True,20,True,126
XGBoost,QQQ,42,long_window_01,True,True,20,True,126
CatBoost,QQQ,42,long_window_01,True,True,20,True,126
random,QQQ,11,long_window_02,True,True,20,True,126
historical_mean,QQQ,11,long_window_02,True,True,20,True,126
random_walk,QQQ,11,long_window_02,True,True,20,True,126
buy_hold,QQQ,11,long_window_02,True,True,20,True,126
momentum,QQQ,11,long_window_02,True,True,20,True,126
moving_average,QQQ,11,long_window_02,True,True,20,True,126
logistic_regression,QQQ,11,long_window_02,True,True,20,True,126
LightGBM,QQQ,11,long_window_02,True,True,20,True,126
XGBoost,QQQ,11,long_window_02,True,True,20,True,126
CatBoost,QQQ,11,long_window_02,True,True,20,True,126
random,QQQ,17,long_window_02,True,True,20,True,126
historical_mean,QQQ,17,long_window_02,True,True,20,True,126
random_walk,QQQ,17,long_window_02,True,True,20,True,126
buy_hold,QQQ,17,long_window_02,True,True,20,True,126
momentum,QQQ,17,long_window_02,True,True,20,True,126
moving_average,QQQ,17,long_window_02,True,True,20,True,126
logistic_regression,QQQ,17,long_window_02,True,True,20,True,126
LightGBM,QQQ,17,long_window_02,True,True,20,True,126
XGBoost,QQQ,17,long_window_02,True,True,20,True,126
CatBoost,QQQ,17,long_window_02,True,True,20,True,126
random,QQQ,23,long_window_02,True,True,20,True,126
historical_mean,QQQ,23,long_window_02,True,True,20,True,126
random_walk,QQQ,23,long_window_02,True,True,20,True,126
buy_hold,QQQ,23,long_window_02,True,True,20,True,126
momentum,QQQ,23,long_window_02,True,True,20,True,126
moving_average,QQQ,23,long_window_02,True,True,20,True,126
logistic_regression,QQQ,23,long_window_02,True,True,20,True,126
LightGBM,QQQ,23,long_window_02,True,True,20,True,126
XGBoost,QQQ,23,long_window_02,True,True,20,True,126
CatBoost,QQQ,23,long_window_02,True,True,20,True,126
random,QQQ,42,long_window_02,True,True,20,True,126
historical_mean,QQQ,42,long_window_02,True,True,20,True,126
random_walk,QQQ,42,long_window_02,True,True,20,True,126
buy_hold,QQQ,42,long_window_02,True,True,20,True,126
momentum,QQQ,42,long_window_02,True,True,20,True,126
moving_average,QQQ,42,long_window_02,True,True,20,True,126
logistic_regression,QQQ,42,long_window_02,True,True,20,True,126
LightGBM,QQQ,42,long_window_02,True,True,20,True,126
XGBoost,QQQ,42,long_window_02,True,True,20,True,126
CatBoost,QQQ,42,long_window_02,True,True,20,True,126
random,VTI,11,long_window_01,True,True,20,True,126
historical_mean,VTI,11,long_window_01,True,True,20,True,126
random_walk,VTI,11,long_window_01,True,True,20,True,126
buy_hold,VTI,11,long_window_01,True,True,20,True,126
momentum,VTI,11,long_window_01,True,True,20,True,126
moving_average,VTI,11,long_window_01,True,True,20,True,126
logistic_regression,VTI,11,long_window_01,True,True,20,True,126
LightGBM,VTI,11,long_window_01,True,True,20,True,126
XGBoost,VTI,11,long_window_01,True,True,20,True,126
CatBoost,VTI,11,long_window_01,True,True,20,True,126
random,VTI,17,long_window_01,True,True,20,True,126
historical_mean,VTI,17,long_window_01,True,True,20,True,126
random_walk,VTI,17,long_window_01,True,True,20,True,126
buy_hold,VTI,17,long_window_01,True,True,20,True,126
momentum,VTI,17,long_window_01,True,True,20,True,126
moving_average,VTI,17,long_window_01,True,True,20,True,126
logistic_regression,VTI,17,long_window_01,True,True,20,True,126
LightGBM,VTI,17,long_window_01,True,True,20,True,126
XGBoost,VTI,17,long_window_01,True,True,20,True,126
CatBoost,VTI,17,long_window_01,True,True,20,True,126
random,VTI,23,long_window_01,True,True,20,True,126
historical_mean,VTI,23,long_window_01,True,True,20,True,126
random_walk,VTI,23,long_window_01,True,True,20,True,126
buy_hold,VTI,23,long_window_01,True,True,20,True,126
momentum,VTI,23,long_window_01,True,True,20,True,126
moving_average,VTI,23,long_window_01,True,True,20,True,126
logistic_regression,VTI,23,long_window_01,True,True,20,True,126
LightGBM,VTI,23,long_window_01,True,True,20,True,126
XGBoost,VTI,23,long_window_01,True,True,20,True,126
CatBoost,VTI,23,long_window_01,True,True,20,True,126
random,VTI,42,long_window_01,True,True,20,True,126
historical_mean,VTI,42,long_window_01,True,True,20,True,126
random_walk,VTI,42,long_window_01,True,True,20,True,126
buy_hold,VTI,42,long_window_01,True,True,20,True,126
momentum,VTI,42,long_window_01,True,True,20,True,126
moving_average,VTI,42,long_window_01,True,True,20,True,126
logistic_regression,VTI,42,long_window_01,True,True,20,True,126
LightGBM,VTI,42,long_window_01,True,True,20,True,126
XGBoost,VTI,42,long_window_01,True,True,20,True,126
CatBoost,VTI,42,long_window_01,True,True,20,True,126
random,VTI,11,long_window_02,True,True,20,True,126
historical_mean,VTI,11,long_window_02,True,True,20,True,126
random_walk,VTI,11,long_window_02,True,True,20,True,126
buy_hold,VTI,11,long_window_02,True,True,20,True,126
momentum,VTI,11,long_window_02,True,True,20,True,126
moving_average,VTI,11,long_window_02,True,True,20,True,126
logistic_regression,VTI,11,long_window_02,True,True,20,True,126
LightGBM,VTI,11,long_window_02,True,True,20,True,126
XGBoost,VTI,11,long_window_02,True,True,20,True,126
CatBoost,VTI,11,long_window_02,True,True,20,True,126
random,VTI,17,long_window_02,True,True,20,True,126
historical_mean,VTI,17,long_window_02,True,True,20,True,126
random_walk,VTI,17,long_window_02,True,True,20,True,126
buy_hold,VTI,17,long_window_02,True,True,20,True,126
momentum,VTI,17,long_window_02,True,True,20,True,126
moving_average,VTI,17,long_window_02,True,True,20,True,126
logistic_regression,VTI,17,long_window_02,True,True,20,True,126
LightGBM,VTI,17,long_window_02,True,True,20,True,126
XGBoost,VTI,17,long_window_02,True,True,20,True,126
CatBoost,VTI,17,long_window_02,True,True,20,True,126
random,VTI,23,long_window_02,True,True,20,True,126
historical_mean,VTI,23,long_window_02,True,True,20,True,126
random_walk,VTI,23,long_window_02,True,True,20,True,126
buy_hold,VTI,23,long_window_02,True,True,20,True,126
momentum,VTI,23,long_window_02,True,True,20,True,126
moving_average,VTI,23,long_window_02,True,True,20,True,126
logistic_regression,VTI,23,long_window_02,True,True,20,True,126
LightGBM,VTI,23,long_window_02,True,True,20,True,126
XGBoost,VTI,23,long_window_02,True,True,20,True,126
CatBoost,VTI,23,long_window_02,True,True,20,True,126
random,VTI,42,long_window_02,True,True,20,True,126
historical_mean,VTI,42,long_window_02,True,True,20,True,126
random_walk,VTI,42,long_window_02,True,True,20,True,126
buy_hold,VTI,42,long_window_02,True,True,20,True,126
momentum,VTI,42,long_window_02,True,True,20,True,126
moving_average,VTI,42,long_window_02,True,True,20,True,126
logistic_regression,VTI,42,long_window_02,True,True,20,True,126
LightGBM,VTI,42,long_window_02,True,True,20,True,126
XGBoost,VTI,42,long_window_02,True,True,20,True,126
CatBoost,VTI,42,long_window_02,True,True,20,True,126
random,VOO,11,long_window_01,True,True,20,True,126
historical_mean,VOO,11,long_window_01,True,True,20,True,126
random_walk,VOO,11,long_window_01,True,True,20,True,126
buy_hold,VOO,11,long_window_01,True,True,20,True,126
momentum,VOO,11,long_window_01,True,True,20,True,126
moving_average,VOO,11,long_window_01,True,True,20,True,126
logistic_regression,VOO,11,long_window_01,True,True,20,True,126
LightGBM,VOO,11,long_window_01,True,True,20,True,126
XGBoost,VOO,11,long_window_01,True,True,20,True,126
CatBoost,VOO,11,long_window_01,True,True,20,True,126
random,VOO,17,long_window_01,True,True,20,True,126
historical_mean,VOO,17,long_window_01,True,True,20,True,126
random_walk,VOO,17,long_window_01,True,True,20,True,126
buy_hold,VOO,17,long_window_01,True,True,20,True,126
momentum,VOO,17,long_window_01,True,True,20,True,126
moving_average,VOO,17,long_window_01,True,True,20,True,126
logistic_regression,VOO,17,long_window_01,True,True,20,True,126
LightGBM,VOO,17,long_window_01,True,True,20,True,126
XGBoost,VOO,17,long_window_01,True,True,20,True,126
CatBoost,VOO,17,long_window_01,True,True,20,True,126
random,VOO,23,long_window_01,True,True,20,True,126
historical_mean,VOO,23,long_window_01,True,True,20,True,126
random_walk,VOO,23,long_window_01,True,True,20,True,126
buy_hold,VOO,23,long_window_01,True,True,20,True,126
momentum,VOO,23,long_window_01,True,True,20,True,126
moving_average,VOO,23,long_window_01,True,True,20,True,126
logistic_regression,VOO,23,long_window_01,True,True,20,True,126
LightGBM,VOO,23,long_window_01,True,True,20,True,126
XGBoost,VOO,23,long_window_01,True,True,20,True,126
CatBoost,VOO,23,long_window_01,True,True,20,True,126
random,VOO,42,long_window_01,True,True,20,True,126
historical_mean,VOO,42,long_window_01,True,True,20,True,126
random_walk,VOO,42,long_window_01,True,True,20,True,126
buy_hold,VOO,42,long_window_01,True,True,20,True,126
momentum,VOO,42,long_window_01,True,True,20,True,126
moving_average,VOO,42,long_window_01,True,True,20,True,126
logistic_regression,VOO,42,long_window_01,True,True,20,True,126
LightGBM,VOO,42,long_window_01,True,True,20,True,126
XGBoost,VOO,42,long_window_01,True,True,20,True,126
CatBoost,VOO,42,long_window_01,True,True,20,True,126
random,VOO,11,long_window_02,True,True,20,True,126
historical_mean,VOO,11,long_window_02,True,True,20,True,126
random_walk,VOO,11,long_window_02,True,True,20,True,126
buy_hold,VOO,11,long_window_02,True,True,20,True,126
momentum,VOO,11,long_window_02,True,True,20,True,126
moving_average,VOO,11,long_window_02,True,True,20,True,126
logistic_regression,VOO,11,long_window_02,True,True,20,True,126
LightGBM,VOO,11,long_window_02,True,True,20,True,126
XGBoost,VOO,11,long_window_02,True,True,20,True,126
CatBoost,VOO,11,long_window_02,True,True,20,True,126
random,VOO,17,long_window_02,True,True,20,True,126
historical_mean,VOO,17,long_window_02,True,True,20,True,126
random_walk,VOO,17,long_window_02,True,True,20,True,126
buy_hold,VOO,17,long_window_02,True,True,20,True,126
momentum,VOO,17,long_window_02,True,True,20,True,126
moving_average,VOO,17,long_window_02,True,True,20,True,126
logistic_regression,VOO,17,long_window_02,True,True,20,True,126
LightGBM,VOO,17,long_window_02,True,True,20,True,126
XGBoost,VOO,17,long_window_02,True,True,20,True,126
CatBoost,VOO,17,long_window_02,True,True,20,True,126
random,VOO,23,long_window_02,True,True,20,True,126
historical_mean,VOO,23,long_window_02,True,True,20,True,126
random_walk,VOO,23,long_window_02,True,True,20,True,126
buy_hold,VOO,23,long_window_02,True,True,20,True,126
momentum,VOO,23,long_window_02,True,True,20,True,126
moving_average,VOO,23,long_window_02,True,True,20,True,126
logistic_regression,VOO,23,long_window_02,True,True,20,True,126
LightGBM,VOO,23,long_window_02,True,True,20,True,126
XGBoost,VOO,23,long_window_02,True,True,20,True,126
CatBoost,VOO,23,long_window_02,True,True,20,True,126
random,VOO,42,long_window_02,True,True,20,True,126
historical_mean,VOO,42,long_window_02,True,True,20,True,126
random_walk,VOO,42,long_window_02,True,True,20,True,126
buy_hold,VOO,42,long_window_02,True,True,20,True,126
momentum,VOO,42,long_window_02,True,True,20,True,126
moving_average,VOO,42,long_window_02,True,True,20,True,126
logistic_regression,VOO,42,long_window_02,True,True,20,True,126
LightGBM,VOO,42,long_window_02,True,True,20,True,126
XGBoost,VOO,42,long_window_02,True,True,20,True,126
CatBoost,VOO,42,long_window_02,True,True,20,True,126
random,IWM,11,long_window_01,True,True,20,True,126
historical_mean,IWM,11,long_window_01,True,True,20,True,126
random_walk,IWM,11,long_window_01,True,True,20,True,126
buy_hold,IWM,11,long_window_01,True,True,20,True,126
momentum,IWM,11,long_window_01,True,True,20,True,126
moving_average,IWM,11,long_window_01,True,True,20,True,126
logistic_regression,IWM,11,long_window_01,True,True,20,True,126
LightGBM,IWM,11,long_window_01,True,True,20,True,126
XGBoost,IWM,11,long_window_01,True,True,20,True,126
CatBoost,IWM,11,long_window_01,True,True,20,True,126
random,IWM,17,long_window_01,True,True,20,True,126
historical_mean,IWM,17,long_window_01,True,True,20,True,126
random_walk,IWM,17,long_window_01,True,True,20,True,126
buy_hold,IWM,17,long_window_01,True,True,20,True,126
momentum,IWM,17,long_window_01,True,True,20,True,126
moving_average,IWM,17,long_window_01,True,True,20,True,126
logistic_regression,IWM,17,long_window_01,True,True,20,True,126
LightGBM,IWM,17,long_window_01,True,True,20,True,126
XGBoost,IWM,17,long_window_01,True,True,20,True,126
CatBoost,IWM,17,long_window_01,True,True,20,True,126
random,IWM,23,long_window_01,True,True,20,True,126
historical_mean,IWM,23,long_window_01,True,True,20,True,126
random_walk,IWM,23,long_window_01,True,True,20,True,126
buy_hold,IWM,23,long_window_01,True,True,20,True,126
momentum,IWM,23,long_window_01,True,True,20,True,126
moving_average,IWM,23,long_window_01,True,True,20,True,126
logistic_regression,IWM,23,long_window_01,True,True,20,True,126
LightGBM,IWM,23,long_window_01,True,True,20,True,126
XGBoost,IWM,23,long_window_01,True,True,20,True,126
CatBoost,IWM,23,long_window_01,True,True,20,True,126
random,IWM,42,long_window_01,True,True,20,True,126
historical_mean,IWM,42,long_window_01,True,True,20,True,126
random_walk,IWM,42,long_window_01,True,True,20,True,126
buy_hold,IWM,42,long_window_01,True,True,20,True,126
momentum,IWM,42,long_window_01,True,True,20,True,126
moving_average,IWM,42,long_window_01,True,True,20,True,126
logistic_regression,IWM,42,long_window_01,True,True,20,True,126
LightGBM,IWM,42,long_window_01,True,True,20,True,126
XGBoost,IWM,42,long_window_01,True,True,20,True,126
CatBoost,IWM,42,long_window_01,True,True,20,True,126
random,IWM,11,long_window_02,True,True,20,True,126
historical_mean,IWM,11,long_window_02,True,True,20,True,126
random_walk,IWM,11,long_window_02,True,True,20,True,126
buy_hold,IWM,11,long_window_02,True,True,20,True,126
momentum,IWM,11,long_window_02,True,True,20,True,126
moving_average,IWM,11,long_window_02,True,True,20,True,126
logistic_regression,IWM,11,long_window_02,True,True,20,True,126
LightGBM,IWM,11,long_window_02,True,True,20,True,126
XGBoost,IWM,11,long_window_02,True,True,20,True,126
CatBoost,IWM,11,long_window_02,True,True,20,True,126
random,IWM,17,long_window_02,True,True,20,True,126
historical_mean,IWM,17,long_window_02,True,True,20,True,126
random_walk,IWM,17,long_window_02,True,True,20,True,126
buy_hold,IWM,17,long_window_02,True,True,20,True,126
momentum,IWM,17,long_window_02,True,True,20,True,126
moving_average,IWM,17,long_window_02,True,True,20,True,126
logistic_regression,IWM,17,long_window_02,True,True,20,True,126
LightGBM,IWM,17,long_window_02,True,True,20,True,126
XGBoost,IWM,17,long_window_02,True,True,20,True,126
CatBoost,IWM,17,long_window_02,True,True,20,True,126
random,IWM,23,long_window_02,True,True,20,True,126
historical_mean,IWM,23,long_window_02,True,True,20,True,126
random_walk,IWM,23,long_window_02,True,True,20,True,126
buy_hold,IWM,23,long_window_02,True,True,20,True,126
momentum,IWM,23,long_window_02,True,True,20,True,126
moving_average,IWM,23,long_window_02,True,True,20,True,126
logistic_regression,IWM,23,long_window_02,True,True,20,True,126
LightGBM,IWM,23,long_window_02,True,True,20,True,126
XGBoost,IWM,23,long_window_02,True,True,20,True,126
CatBoost,IWM,23,long_window_02,True,True,20,True,126
random,IWM,42,long_window_02,True,True,20,True,126
historical_mean,IWM,42,long_window_02,True,True,20,True,126
random_walk,IWM,42,long_window_02,True,True,20,True,126
buy_hold,IWM,42,long_window_02,True,True,20,True,126
momentum,IWM,42,long_window_02,True,True,20,True,126
moving_average,IWM,42,long_window_02,True,True,20,True,126
logistic_regression,IWM,42,long_window_02,True,True,20,True,126
LightGBM,IWM,42,long_window_02,True,True,20,True,126
XGBoost,IWM,42,long_window_02,True,True,20,True,126
CatBoost,IWM,42,long_window_02,True,True,20,True,126
random,DIA,11,long_window_01,True,True,20,True,126
historical_mean,DIA,11,long_window_01,True,True,20,True,126
random_walk,DIA,11,long_window_01,True,True,20,True,126
buy_hold,DIA,11,long_window_01,True,True,20,True,126
momentum,DIA,11,long_window_01,True,True,20,True,126
moving_average,DIA,11,long_window_01,True,True,20,True,126
logistic_regression,DIA,11,long_window_01,True,True,20,True,126
LightGBM,DIA,11,long_window_01,True,True,20,True,126
XGBoost,DIA,11,long_window_01,True,True,20,True,126
CatBoost,DIA,11,long_window_01,True,True,20,True,126
random,DIA,17,long_window_01,True,True,20,True,126
historical_mean,DIA,17,long_window_01,True,True,20,True,126
random_walk,DIA,17,long_window_01,True,True,20,True,126
buy_hold,DIA,17,long_window_01,True,True,20,True,126
momentum,DIA,17,long_window_01,True,True,20,True,126
moving_average,DIA,17,long_window_01,True,True,20,True,126
logistic_regression,DIA,17,long_window_01,True,True,20,True,126
LightGBM,DIA,17,long_window_01,True,True,20,True,126
XGBoost,DIA,17,long_window_01,True,True,20,True,126
CatBoost,DIA,17,long_window_01,True,True,20,True,126
random,DIA,23,long_window_01,True,True,20,True,126
historical_mean,DIA,23,long_window_01,True,True,20,True,126
random_walk,DIA,23,long_window_01,True,True,20,True,126
buy_hold,DIA,23,long_window_01,True,True,20,True,126
momentum,DIA,23,long_window_01,True,True,20,True,126
moving_average,DIA,23,long_window_01,True,True,20,True,126
logistic_regression,DIA,23,long_window_01,True,True,20,True,126
LightGBM,DIA,23,long_window_01,True,True,20,True,126
XGBoost,DIA,23,long_window_01,True,True,20,True,126
CatBoost,DIA,23,long_window_01,True,True,20,True,126
random,DIA,42,long_window_01,True,True,20,True,126
historical_mean,DIA,42,long_window_01,True,True,20,True,126
random_walk,DIA,42,long_window_01,True,True,20,True,126
buy_hold,DIA,42,long_window_01,True,True,20,True,126
momentum,DIA,42,long_window_01,True,True,20,True,126
moving_average,DIA,42,long_window_01,True,True,20,True,126
logistic_regression,DIA,42,long_window_01,True,True,20,True,126
LightGBM,DIA,42,long_window_01,True,True,20,True,126
XGBoost,DIA,42,long_window_01,True,True,20,True,126
CatBoost,DIA,42,long_window_01,True,True,20,True,126
random,DIA,11,long_window_02,True,True,20,True,126
historical_mean,DIA,11,long_window_02,True,True,20,True,126
random_walk,DIA,11,long_window_02,True,True,20,True,126
buy_hold,DIA,11,long_window_02,True,True,20,True,126
momentum,DIA,11,long_window_02,True,True,20,True,126
moving_average,DIA,11,long_window_02,True,True,20,True,126
logistic_regression,DIA,11,long_window_02,True,True,20,True,126
LightGBM,DIA,11,long_window_02,True,True,20,True,126
XGBoost,DIA,11,long_window_02,True,True,20,True,126
CatBoost,DIA,11,long_window_02,True,True,20,True,126
random,DIA,17,long_window_02,True,True,20,True,126
historical_mean,DIA,17,long_window_02,True,True,20,True,126
random_walk,DIA,17,long_window_02,True,True,20,True,126
buy_hold,DIA,17,long_window_02,True,True,20,True,126
momentum,DIA,17,long_window_02,True,True,20,True,126
moving_average,DIA,17,long_window_02,True,True,20,True,126
logistic_regression,DIA,17,long_window_02,True,True,20,True,126
LightGBM,DIA,17,long_window_02,True,True,20,True,126
XGBoost,DIA,17,long_window_02,True,True,20,True,126
CatBoost,DIA,17,long_window_02,True,True,20,True,126
random,DIA,23,long_window_02,True,True,20,True,126
historical_mean,DIA,23,long_window_02,True,True,20,True,126
random_walk,DIA,23,long_window_02,True,True,20,True,126
buy_hold,DIA,23,long_window_02,True,True,20,True,126
momentum,DIA,23,long_window_02,True,True,20,True,126
moving_average,DIA,23,long_window_02,True,True,20,True,126
logistic_regression,DIA,23,long_window_02,True,True,20,True,126
LightGBM,DIA,23,long_window_02,True,True,20,True,126
XGBoost,DIA,23,long_window_02,True,True,20,True,126
CatBoost,DIA,23,long_window_02,True,True,20,True,126
random,DIA,42,long_window_02,True,True,20,True,126
historical_mean,DIA,42,long_window_02,True,True,20,True,126
random_walk,DIA,42,long_window_02,True,True,20,True,126
buy_hold,DIA,42,long_window_02,True,True,20,True,126
momentum,DIA,42,long_window_02,True,True,20,True,126
moving_average,DIA,42,long_window_02,True,True,20,True,126
logistic_regression,DIA,42,long_window_02,True,True,20,True,126
LightGBM,DIA,42,long_window_02,True,True,20,True,126
XGBoost,DIA,42,long_window_02,True,True,20,True,126
CatBoost,DIA,42,long_window_02,True,True,20,True,126
random,XLK,11,long_window_01,True,True,20,True,126
historical_mean,XLK,11,long_window_01,True,True,20,True,126
random_walk,XLK,11,long_window_01,True,True,20,True,126
buy_hold,XLK,11,long_window_01,True,True,20,True,126
momentum,XLK,11,long_window_01,True,True,20,True,126
moving_average,XLK,11,long_window_01,True,True,20,True,126
logistic_regression,XLK,11,long_window_01,True,True,20,True,126
LightGBM,XLK,11,long_window_01,True,True,20,True,126
XGBoost,XLK,11,long_window_01,True,True,20,True,126
CatBoost,XLK,11,long_window_01,True,True,20,True,126
random,XLK,17,long_window_01,True,True,20,True,126
historical_mean,XLK,17,long_window_01,True,True,20,True,126
random_walk,XLK,17,long_window_01,True,True,20,True,126
buy_hold,XLK,17,long_window_01,True,True,20,True,126
momentum,XLK,17,long_window_01,True,True,20,True,126
moving_average,XLK,17,long_window_01,True,True,20,True,126
logistic_regression,XLK,17,long_window_01,True,True,20,True,126
LightGBM,XLK,17,long_window_01,True,True,20,True,126
XGBoost,XLK,17,long_window_01,True,True,20,True,126
CatBoost,XLK,17,long_window_01,True,True,20,True,126
random,XLK,23,long_window_01,True,True,20,True,126
historical_mean,XLK,23,long_window_01,True,True,20,True,126
random_walk,XLK,23,long_window_01,True,True,20,True,126
buy_hold,XLK,23,long_window_01,True,True,20,True,126
momentum,XLK,23,long_window_01,True,True,20,True,126
moving_average,XLK,23,long_window_01,True,True,20,True,126
logistic_regression,XLK,23,long_window_01,True,True,20,True,126
LightGBM,XLK,23,long_window_01,True,True,20,True,126
XGBoost,XLK,23,long_window_01,True,True,20,True,126
CatBoost,XLK,23,long_window_01,True,True,20,True,126
random,XLK,42,long_window_01,True,True,20,True,126
historical_mean,XLK,42,long_window_01,True,True,20,True,126
random_walk,XLK,42,long_window_01,True,True,20,True,126
buy_hold,XLK,42,long_window_01,True,True,20,True,126
momentum,XLK,42,long_window_01,True,True,20,True,126
moving_average,XLK,42,long_window_01,True,True,20,True,126
logistic_regression,XLK,42,long_window_01,True,True,20,True,126
LightGBM,XLK,42,long_window_01,True,True,20,True,126
XGBoost,XLK,42,long_window_01,True,True,20,True,126
CatBoost,XLK,42,long_window_01,True,True,20,True,126
random,XLK,11,long_window_02,True,True,20,True,126
historical_mean,XLK,11,long_window_02,True,True,20,True,126
random_walk,XLK,11,long_window_02,True,True,20,True,126
buy_hold,XLK,11,long_window_02,True,True,20,True,126
momentum,XLK,11,long_window_02,True,True,20,True,126
moving_average,XLK,11,long_window_02,True,True,20,True,126
logistic_regression,XLK,11,long_window_02,True,True,20,True,126
LightGBM,XLK,11,long_window_02,True,True,20,True,126
XGBoost,XLK,11,long_window_02,True,True,20,True,126
CatBoost,XLK,11,long_window_02,True,True,20,True,126
random,XLK,17,long_window_02,True,True,20,True,126
historical_mean,XLK,17,long_window_02,True,True,20,True,126
random_walk,XLK,17,long_window_02,True,True,20,True,126
buy_hold,XLK,17,long_window_02,True,True,20,True,126
momentum,XLK,17,long_window_02,True,True,20,True,126
moving_average,XLK,17,long_window_02,True,True,20,True,126
logistic_regression,XLK,17,long_window_02,True,True,20,True,126
LightGBM,XLK,17,long_window_02,True,True,20,True,126
XGBoost,XLK,17,long_window_02,True,True,20,True,126
CatBoost,XLK,17,long_window_02,True,True,20,True,126
random,XLK,23,long_window_02,True,True,20,True,126
historical_mean,XLK,23,long_window_02,True,True,20,True,126
random_walk,XLK,23,long_window_02,True,True,20,True,126
buy_hold,XLK,23,long_window_02,True,True,20,True,126
momentum,XLK,23,long_window_02,True,True,20,True,126
moving_average,XLK,23,long_window_02,True,True,20,True,126
logistic_regression,XLK,23,long_window_02,True,True,20,True,126
LightGBM,XLK,23,long_window_02,True,True,20,True,126
XGBoost,XLK,23,long_window_02,True,True,20,True,126
CatBoost,XLK,23,long_window_02,True,True,20,True,126
random,XLK,42,long_window_02,True,True,20,True,126
historical_mean,XLK,42,long_window_02,True,True,20,True,126
random_walk,XLK,42,long_window_02,True,True,20,True,126
buy_hold,XLK,42,long_window_02,True,True,20,True,126
momentum,XLK,42,long_window_02,True,True,20,True,126
moving_average,XLK,42,long_window_02,True,True,20,True,126
logistic_regression,XLK,42,long_window_02,True,True,20,True,126
LightGBM,XLK,42,long_window_02,True,True,20,True,126
XGBoost,XLK,42,long_window_02,True,True,20,True,126
CatBoost,XLK,42,long_window_02,True,True,20,True,126
random,XLF,11,long_window_01,True,True,20,True,126
historical_mean,XLF,11,long_window_01,True,True,20,True,126
random_walk,XLF,11,long_window_01,True,True,20,True,126
buy_hold,XLF,11,long_window_01,True,True,20,True,126
momentum,XLF,11,long_window_01,True,True,20,True,126
moving_average,XLF,11,long_window_01,True,True,20,True,126
logistic_regression,XLF,11,long_window_01,True,True,20,True,126
LightGBM,XLF,11,long_window_01,True,True,20,True,126
XGBoost,XLF,11,long_window_01,True,True,20,True,126
CatBoost,XLF,11,long_window_01,True,True,20,True,126
random,XLF,17,long_window_01,True,True,20,True,126
historical_mean,XLF,17,long_window_01,True,True,20,True,126
random_walk,XLF,17,long_window_01,True,True,20,True,126
buy_hold,XLF,17,long_window_01,True,True,20,True,126
momentum,XLF,17,long_window_01,True,True,20,True,126
moving_average,XLF,17,long_window_01,True,True,20,True,126
logistic_regression,XLF,17,long_window_01,True,True,20,True,126
LightGBM,XLF,17,long_window_01,True,True,20,True,126
XGBoost,XLF,17,long_window_01,True,True,20,True,126
CatBoost,XLF,17,long_window_01,True,True,20,True,126
random,XLF,23,long_window_01,True,True,20,True,126
historical_mean,XLF,23,long_window_01,True,True,20,True,126
random_walk,XLF,23,long_window_01,True,True,20,True,126
buy_hold,XLF,23,long_window_01,True,True,20,True,126
momentum,XLF,23,long_window_01,True,True,20,True,126
moving_average,XLF,23,long_window_01,True,True,20,True,126
logistic_regression,XLF,23,long_window_01,True,True,20,True,126
LightGBM,XLF,23,long_window_01,True,True,20,True,126
XGBoost,XLF,23,long_window_01,True,True,20,True,126
CatBoost,XLF,23,long_window_01,True,True,20,True,126
random,XLF,42,long_window_01,True,True,20,True,126
historical_mean,XLF,42,long_window_01,True,True,20,True,126
random_walk,XLF,42,long_window_01,True,True,20,True,126
buy_hold,XLF,42,long_window_01,True,True,20,True,126
momentum,XLF,42,long_window_01,True,True,20,True,126
moving_average,XLF,42,long_window_01,True,True,20,True,126
logistic_regression,XLF,42,long_window_01,True,True,20,True,126
LightGBM,XLF,42,long_window_01,True,True,20,True,126
XGBoost,XLF,42,long_window_01,True,True,20,True,126
CatBoost,XLF,42,long_window_01,True,True,20,True,126
random,XLF,11,long_window_02,True,True,20,True,126
historical_mean,XLF,11,long_window_02,True,True,20,True,126
random_walk,XLF,11,long_window_02,True,True,20,True,126
buy_hold,XLF,11,long_window_02,True,True,20,True,126
momentum,XLF,11,long_window_02,True,True,20,True,126
moving_average,XLF,11,long_window_02,True,True,20,True,126
logistic_regression,XLF,11,long_window_02,True,True,20,True,126
LightGBM,XLF,11,long_window_02,True,True,20,True,126
XGBoost,XLF,11,long_window_02,True,True,20,True,126
CatBoost,XLF,11,long_window_02,True,True,20,True,126
random,XLF,17,long_window_02,True,True,20,True,126
historical_mean,XLF,17,long_window_02,True,True,20,True,126
random_walk,XLF,17,long_window_02,True,True,20,True,126
buy_hold,XLF,17,long_window_02,True,True,20,True,126
momentum,XLF,17,long_window_02,True,True,20,True,126
moving_average,XLF,17,long_window_02,True,True,20,True,126
logistic_regression,XLF,17,long_window_02,True,True,20,True,126
LightGBM,XLF,17,long_window_02,True,True,20,True,126
XGBoost,XLF,17,long_window_02,True,True,20,True,126
CatBoost,XLF,17,long_window_02,True,True,20,True,126
random,XLF,23,long_window_02,True,True,20,True,126
historical_mean,XLF,23,long_window_02,True,True,20,True,126
random_walk,XLF,23,long_window_02,True,True,20,True,126
buy_hold,XLF,23,long_window_02,True,True,20,True,126
momentum,XLF,23,long_window_02,True,True,20,True,126
moving_average,XLF,23,long_window_02,True,True,20,True,126
logistic_regression,XLF,23,long_window_02,True,True,20,True,126
LightGBM,XLF,23,long_window_02,True,True,20,True,126
XGBoost,XLF,23,long_window_02,True,True,20,True,126
CatBoost,XLF,23,long_window_02,True,True,20,True,126
random,XLF,42,long_window_02,True,True,20,True,126
historical_mean,XLF,42,long_window_02,True,True,20,True,126
random_walk,XLF,42,long_window_02,True,True,20,True,126
buy_hold,XLF,42,long_window_02,True,True,20,True,126
momentum,XLF,42,long_window_02,True,True,20,True,126
moving_average,XLF,42,long_window_02,True,True,20,True,126
logistic_regression,XLF,42,long_window_02,True,True,20,True,126
LightGBM,XLF,42,long_window_02,True,True,20,True,126
XGBoost,XLF,42,long_window_02,True,True,20,True,126
CatBoost,XLF,42,long_window_02,True,True,20,True,126
random,XLE,11,long_window_01,True,True,20,True,126
historical_mean,XLE,11,long_window_01,True,True,20,True,126
random_walk,XLE,11,long_window_01,True,True,20,True,126
buy_hold,XLE,11,long_window_01,True,True,20,True,126
momentum,XLE,11,long_window_01,True,True,20,True,126
moving_average,XLE,11,long_window_01,True,True,20,True,126
logistic_regression,XLE,11,long_window_01,True,True,20,True,126
LightGBM,XLE,11,long_window_01,True,True,20,True,126
XGBoost,XLE,11,long_window_01,True,True,20,True,126
CatBoost,XLE,11,long_window_01,True,True,20,True,126
random,XLE,17,long_window_01,True,True,20,True,126
historical_mean,XLE,17,long_window_01,True,True,20,True,126
random_walk,XLE,17,long_window_01,True,True,20,True,126
buy_hold,XLE,17,long_window_01,True,True,20,True,126
momentum,XLE,17,long_window_01,True,True,20,True,126
moving_average,XLE,17,long_window_01,True,True,20,True,126
logistic_regression,XLE,17,long_window_01,True,True,20,True,126
LightGBM,XLE,17,long_window_01,True,True,20,True,126
XGBoost,XLE,17,long_window_01,True,True,20,True,126
CatBoost,XLE,17,long_window_01,True,True,20,True,126
random,XLE,23,long_window_01,True,True,20,True,126
historical_mean,XLE,23,long_window_01,True,True,20,True,126
random_walk,XLE,23,long_window_01,True,True,20,True,126
buy_hold,XLE,23,long_window_01,True,True,20,True,126
momentum,XLE,23,long_window_01,True,True,20,True,126
moving_average,XLE,23,long_window_01,True,True,20,True,126
logistic_regression,XLE,23,long_window_01,True,True,20,True,126
LightGBM,XLE,23,long_window_01,True,True,20,True,126
XGBoost,XLE,23,long_window_01,True,True,20,True,126
CatBoost,XLE,23,long_window_01,True,True,20,True,126
random,XLE,42,long_window_01,True,True,20,True,126
historical_mean,XLE,42,long_window_01,True,True,20,True,126
random_walk,XLE,42,long_window_01,True,True,20,True,126
buy_hold,XLE,42,long_window_01,True,True,20,True,126
momentum,XLE,42,long_window_01,True,True,20,True,126
moving_average,XLE,42,long_window_01,True,True,20,True,126
logistic_regression,XLE,42,long_window_01,True,True,20,True,126
LightGBM,XLE,42,long_window_01,True,True,20,True,126
XGBoost,XLE,42,long_window_01,True,True,20,True,126
CatBoost,XLE,42,long_window_01,True,True,20,True,126
random,XLE,11,long_window_02,True,True,20,True,126
historical_mean,XLE,11,long_window_02,True,True,20,True,126
random_walk,XLE,11,long_window_02,True,True,20,True,126
buy_hold,XLE,11,long_window_02,True,True,20,True,126
momentum,XLE,11,long_window_02,True,True,20,True,126
moving_average,XLE,11,long_window_02,True,True,20,True,126
logistic_regression,XLE,11,long_window_02,True,True,20,True,126
LightGBM,XLE,11,long_window_02,True,True,20,True,126
XGBoost,XLE,11,long_window_02,True,True,20,True,126
CatBoost,XLE,11,long_window_02,True,True,20,True,126
random,XLE,17,long_window_02,True,True,20,True,126
historical_mean,XLE,17,long_window_02,True,True,20,True,126
random_walk,XLE,17,long_window_02,True,True,20,True,126
buy_hold,XLE,17,long_window_02,True,True,20,True,126
momentum,XLE,17,long_window_02,True,True,20,True,126
moving_average,XLE,17,long_window_02,True,True,20,True,126
logistic_regression,XLE,17,long_window_02,True,True,20,True,126
LightGBM,XLE,17,long_window_02,True,True,20,True,126
XGBoost,XLE,17,long_window_02,True,True,20,True,126
CatBoost,XLE,17,long_window_02,True,True,20,True,126
random,XLE,23,long_window_02,True,True,20,True,126
historical_mean,XLE,23,long_window_02,True,True,20,True,126
random_walk,XLE,23,long_window_02,True,True,20,True,126
buy_hold,XLE,23,long_window_02,True,True,20,True,126
momentum,XLE,23,long_window_02,True,True,20,True,126
moving_average,XLE,23,long_window_02,True,True,20,True,126
logistic_regression,XLE,23,long_window_02,True,True,20,True,126
LightGBM,XLE,23,long_window_02,True,True,20,True,126
XGBoost,XLE,23,long_window_02,True,True,20,True,126
CatBoost,XLE,23,long_window_02,True,True,20,True,126
random,XLE,42,long_window_02,True,True,20,True,126
historical_mean,XLE,42,long_window_02,True,True,20,True,126
random_walk,XLE,42,long_window_02,True,True,20,True,126
buy_hold,XLE,42,long_window_02,True,True,20,True,126
momentum,XLE,42,long_window_02,True,True,20,True,126
moving_average,XLE,42,long_window_02,True,True,20,True,126
logistic_regression,XLE,42,long_window_02,True,True,20,True,126
LightGBM,XLE,42,long_window_02,True,True,20,True,126
XGBoost,XLE,42,long_window_02,True,True,20,True,126
CatBoost,XLE,42,long_window_02,True,True,20,True,126
random,EURUSD=X,11,long_window_01,True,True,20,True,126
historical_mean,EURUSD=X,11,long_window_01,True,True,20,True,126
random_walk,EURUSD=X,11,long_window_01,True,True,20,True,126
buy_hold,EURUSD=X,11,long_window_01,True,True,20,True,126
momentum,EURUSD=X,11,long_window_01,True,True,20,True,126
moving_average,EURUSD=X,11,long_window_01,True,True,20,True,126
logistic_regression,EURUSD=X,11,long_window_01,True,True,20,True,126
LightGBM,EURUSD=X,11,long_window_01,True,True,20,True,126
XGBoost,EURUSD=X,11,long_window_01,True,True,20,True,126
CatBoost,EURUSD=X,11,long_window_01,True,True,20,True,126
random,EURUSD=X,17,long_window_01,True,True,20,True,126
historical_mean,EURUSD=X,17,long_window_01,True,True,20,True,126
random_walk,EURUSD=X,17,long_window_01,True,True,20,True,126
buy_hold,EURUSD=X,17,long_window_01,True,True,20,True,126
momentum,EURUSD=X,17,long_window_01,True,True,20,True,126
moving_average,EURUSD=X,17,long_window_01,True,True,20,True,126
logistic_regression,EURUSD=X,17,long_window_01,True,True,20,True,126
LightGBM,EURUSD=X,17,long_window_01,True,True,20,True,126
XGBoost,EURUSD=X,17,long_window_01,True,True,20,True,126
CatBoost,EURUSD=X,17,long_window_01,True,True,20,True,126
random,EURUSD=X,23,long_window_01,True,True,20,True,126
historical_mean,EURUSD=X,23,long_window_01,True,True,20,True,126
random_walk,EURUSD=X,23,long_window_01,True,True,20,True,126
buy_hold,EURUSD=X,23,long_window_01,True,True,20,True,126
momentum,EURUSD=X,23,long_window_01,True,True,20,True,126
moving_average,EURUSD=X,23,long_window_01,True,True,20,True,126
logistic_regression,EURUSD=X,23,long_window_01,True,True,20,True,126
LightGBM,EURUSD=X,23,long_window_01,True,True,20,True,126
XGBoost,EURUSD=X,23,long_window_01,True,True,20,True,126
CatBoost,EURUSD=X,23,long_window_01,True,True,20,True,126
random,EURUSD=X,42,long_window_01,True,True,20,True,126
historical_mean,EURUSD=X,42,long_window_01,True,True,20,True,126
random_walk,EURUSD=X,42,long_window_01,True,True,20,True,126
buy_hold,EURUSD=X,42,long_window_01,True,True,20,True,126
momentum,EURUSD=X,42,long_window_01,True,True,20,True,126
moving_average,EURUSD=X,42,long_window_01,True,True,20,True,126
logistic_regression,EURUSD=X,42,long_window_01,True,True,20,True,126
LightGBM,EURUSD=X,42,long_window_01,True,True,20,True,126
XGBoost,EURUSD=X,42,long_window_01,True,True,20,True,126
CatBoost,EURUSD=X,42,long_window_01,True,True,20,True,126
random,EURUSD=X,11,long_window_02,True,True,20,True,126
historical_mean,EURUSD=X,11,long_window_02,True,True,20,True,126
random_walk,EURUSD=X,11,long_window_02,True,True,20,True,126
buy_hold,EURUSD=X,11,long_window_02,True,True,20,True,126
momentum,EURUSD=X,11,long_window_02,True,True,20,True,126
moving_average,EURUSD=X,11,long_window_02,True,True,20,True,126
logistic_regression,EURUSD=X,11,long_window_02,True,True,20,True,126
LightGBM,EURUSD=X,11,long_window_02,True,True,20,True,126
XGBoost,EURUSD=X,11,long_window_02,True,True,20,True,126
CatBoost,EURUSD=X,11,long_window_02,True,True,20,True,126
random,EURUSD=X,17,long_window_02,True,True,20,True,126
historical_mean,EURUSD=X,17,long_window_02,True,True,20,True,126
random_walk,EURUSD=X,17,long_window_02,True,True,20,True,126
buy_hold,EURUSD=X,17,long_window_02,True,True,20,True,126
momentum,EURUSD=X,17,long_window_02,True,True,20,True,126
moving_average,EURUSD=X,17,long_window_02,True,True,20,True,126
logistic_regression,EURUSD=X,17,long_window_02,True,True,20,True,126
LightGBM,EURUSD=X,17,long_window_02,True,True,20,True,126
XGBoost,EURUSD=X,17,long_window_02,True,True,20,True,126
CatBoost,EURUSD=X,17,long_window_02,True,True,20,True,126
random,EURUSD=X,23,long_window_02,True,True,20,True,126
historical_mean,EURUSD=X,23,long_window_02,True,True,20,True,126
random_walk,EURUSD=X,23,long_window_02,True,True,20,True,126
buy_hold,EURUSD=X,23,long_window_02,True,True,20,True,126
momentum,EURUSD=X,23,long_window_02,True,True,20,True,126
moving_average,EURUSD=X,23,long_window_02,True,True,20,True,126
logistic_regression,EURUSD=X,23,long_window_02,True,True,20,True,126
LightGBM,EURUSD=X,23,long_window_02,True,True,20,True,126
XGBoost,EURUSD=X,23,long_window_02,True,True,20,True,126
CatBoost,EURUSD=X,23,long_window_02,True,True,20,True,126
random,EURUSD=X,42,long_window_02,True,True,20,True,126
historical_mean,EURUSD=X,42,long_window_02,True,True,20,True,126
random_walk,EURUSD=X,42,long_window_02,True,True,20,True,126
buy_hold,EURUSD=X,42,long_window_02,True,True,20,True,126
momentum,EURUSD=X,42,long_window_02,True,True,20,True,126
moving_average,EURUSD=X,42,long_window_02,True,True,20,True,126
logistic_regression,EURUSD=X,42,long_window_02,True,True,20,True,126
LightGBM,EURUSD=X,42,long_window_02,True,True,20,True,126
XGBoost,EURUSD=X,42,long_window_02,True,True,20,True,126
CatBoost,EURUSD=X,42,long_window_02,True,True,20,True,126
random,GBPUSD=X,11,long_window_01,True,True,20,True,126
historical_mean,GBPUSD=X,11,long_window_01,True,True,20,True,126
random_walk,GBPUSD=X,11,long_window_01,True,True,20,True,126
buy_hold,GBPUSD=X,11,long_window_01,True,True,20,True,126
momentum,GBPUSD=X,11,long_window_01,True,True,20,True,126
moving_average,GBPUSD=X,11,long_window_01,True,True,20,True,126
logistic_regression,GBPUSD=X,11,long_window_01,True,True,20,True,126
LightGBM,GBPUSD=X,11,long_window_01,True,True,20,True,126
XGBoost,GBPUSD=X,11,long_window_01,True,True,20,True,126
CatBoost,GBPUSD=X,11,long_window_01,True,True,20,True,126
random,GBPUSD=X,17,long_window_01,True,True,20,True,126
historical_mean,GBPUSD=X,17,long_window_01,True,True,20,True,126
random_walk,GBPUSD=X,17,long_window_01,True,True,20,True,126
buy_hold,GBPUSD=X,17,long_window_01,True,True,20,True,126
momentum,GBPUSD=X,17,long_window_01,True,True,20,True,126
moving_average,GBPUSD=X,17,long_window_01,True,True,20,True,126
logistic_regression,GBPUSD=X,17,long_window_01,True,True,20,True,126
LightGBM,GBPUSD=X,17,long_window_01,True,True,20,True,126
XGBoost,GBPUSD=X,17,long_window_01,True,True,20,True,126
CatBoost,GBPUSD=X,17,long_window_01,True,True,20,True,126
random,GBPUSD=X,23,long_window_01,True,True,20,True,126
historical_mean,GBPUSD=X,23,long_window_01,True,True,20,True,126
random_walk,GBPUSD=X,23,long_window_01,True,True,20,True,126
buy_hold,GBPUSD=X,23,long_window_01,True,True,20,True,126
momentum,GBPUSD=X,23,long_window_01,True,True,20,True,126
moving_average,GBPUSD=X,23,long_window_01,True,True,20,True,126
logistic_regression,GBPUSD=X,23,long_window_01,True,True,20,True,126
LightGBM,GBPUSD=X,23,long_window_01,True,True,20,True,126
XGBoost,GBPUSD=X,23,long_window_01,True,True,20,True,126
CatBoost,GBPUSD=X,23,long_window_01,True,True,20,True,126
random,GBPUSD=X,42,long_window_01,True,True,20,True,126
historical_mean,GBPUSD=X,42,long_window_01,True,True,20,True,126
random_walk,GBPUSD=X,42,long_window_01,True,True,20,True,126
buy_hold,GBPUSD=X,42,long_window_01,True,True,20,True,126
momentum,GBPUSD=X,42,long_window_01,True,True,20,True,126
moving_average,GBPUSD=X,42,long_window_01,True,True,20,True,126
logistic_regression,GBPUSD=X,42,long_window_01,True,True,20,True,126
LightGBM,GBPUSD=X,42,long_window_01,True,True,20,True,126
XGBoost,GBPUSD=X,42,long_window_01,True,True,20,True,126
CatBoost,GBPUSD=X,42,long_window_01,True,True,20,True,126
random,GBPUSD=X,11,long_window_02,True,True,20,True,126
historical_mean,GBPUSD=X,11,long_window_02,True,True,20,True,126
random_walk,GBPUSD=X,11,long_window_02,True,True,20,True,126
buy_hold,GBPUSD=X,11,long_window_02,True,True,20,True,126
momentum,GBPUSD=X,11,long_window_02,True,True,20,True,126
moving_average,GBPUSD=X,11,long_window_02,True,True,20,True,126
logistic_regression,GBPUSD=X,11,long_window_02,True,True,20,True,126
LightGBM,GBPUSD=X,11,long_window_02,True,True,20,True,126
XGBoost,GBPUSD=X,11,long_window_02,True,True,20,True,126
CatBoost,GBPUSD=X,11,long_window_02,True,True,20,True,126
random,GBPUSD=X,17,long_window_02,True,True,20,True,126
historical_mean,GBPUSD=X,17,long_window_02,True,True,20,True,126
random_walk,GBPUSD=X,17,long_window_02,True,True,20,True,126
buy_hold,GBPUSD=X,17,long_window_02,True,True,20,True,126
momentum,GBPUSD=X,17,long_window_02,True,True,20,True,126
moving_average,GBPUSD=X,17,long_window_02,True,True,20,True,126
logistic_regression,GBPUSD=X,17,long_window_02,True,True,20,True,126
LightGBM,GBPUSD=X,17,long_window_02,True,True,20,True,126
XGBoost,GBPUSD=X,17,long_window_02,True,True,20,True,126
CatBoost,GBPUSD=X,17,long_window_02,True,True,20,True,126
random,GBPUSD=X,23,long_window_02,True,True,20,True,126
historical_mean,GBPUSD=X,23,long_window_02,True,True,20,True,126
random_walk,GBPUSD=X,23,long_window_02,True,True,20,True,126
buy_hold,GBPUSD=X,23,long_window_02,True,True,20,True,126
momentum,GBPUSD=X,23,long_window_02,True,True,20,True,126
moving_average,GBPUSD=X,23,long_window_02,True,True,20,True,126
logistic_regression,GBPUSD=X,23,long_window_02,True,True,20,True,126
LightGBM,GBPUSD=X,23,long_window_02,True,True,20,True,126
XGBoost,GBPUSD=X,23,long_window_02,True,True,20,True,126
CatBoost,GBPUSD=X,23,long_window_02,True,True,20,True,126
random,GBPUSD=X,42,long_window_02,True,True,20,True,126
historical_mean,GBPUSD=X,42,long_window_02,True,True,20,True,126
random_walk,GBPUSD=X,42,long_window_02,True,True,20,True,126
buy_hold,GBPUSD=X,42,long_window_02,True,True,20,True,126
momentum,GBPUSD=X,42,long_window_02,True,True,20,True,126
moving_average,GBPUSD=X,42,long_window_02,True,True,20,True,126
logistic_regression,GBPUSD=X,42,long_window_02,True,True,20,True,126
LightGBM,GBPUSD=X,42,long_window_02,True,True,20,True,126
XGBoost,GBPUSD=X,42,long_window_02,True,True,20,True,126
CatBoost,GBPUSD=X,42,long_window_02,True,True,20,True,126
random,JPY=X,11,long_window_01,True,True,20,True,126
historical_mean,JPY=X,11,long_window_01,True,True,20,True,126
random_walk,JPY=X,11,long_window_01,True,True,20,True,126
buy_hold,JPY=X,11,long_window_01,True,True,20,True,126
momentum,JPY=X,11,long_window_01,True,True,20,True,126
moving_average,JPY=X,11,long_window_01,True,True,20,True,126
logistic_regression,JPY=X,11,long_window_01,True,True,20,True,126
LightGBM,JPY=X,11,long_window_01,True,True,20,True,126
XGBoost,JPY=X,11,long_window_01,True,True,20,True,126
CatBoost,JPY=X,11,long_window_01,True,True,20,True,126
random,JPY=X,17,long_window_01,True,True,20,True,126
historical_mean,JPY=X,17,long_window_01,True,True,20,True,126
random_walk,JPY=X,17,long_window_01,True,True,20,True,126
buy_hold,JPY=X,17,long_window_01,True,True,20,True,126
momentum,JPY=X,17,long_window_01,True,True,20,True,126
moving_average,JPY=X,17,long_window_01,True,True,20,True,126
logistic_regression,JPY=X,17,long_window_01,True,True,20,True,126
LightGBM,JPY=X,17,long_window_01,True,True,20,True,126
XGBoost,JPY=X,17,long_window_01,True,True,20,True,126
CatBoost,JPY=X,17,long_window_01,True,True,20,True,126
random,JPY=X,23,long_window_01,True,True,20,True,126
historical_mean,JPY=X,23,long_window_01,True,True,20,True,126
random_walk,JPY=X,23,long_window_01,True,True,20,True,126
buy_hold,JPY=X,23,long_window_01,True,True,20,True,126
momentum,JPY=X,23,long_window_01,True,True,20,True,126
moving_average,JPY=X,23,long_window_01,True,True,20,True,126
logistic_regression,JPY=X,23,long_window_01,True,True,20,True,126
LightGBM,JPY=X,23,long_window_01,True,True,20,True,126
XGBoost,JPY=X,23,long_window_01,True,True,20,True,126
CatBoost,JPY=X,23,long_window_01,True,True,20,True,126
random,JPY=X,42,long_window_01,True,True,20,True,126
historical_mean,JPY=X,42,long_window_01,True,True,20,True,126
random_walk,JPY=X,42,long_window_01,True,True,20,True,126
buy_hold,JPY=X,42,long_window_01,True,True,20,True,126
momentum,JPY=X,42,long_window_01,True,True,20,True,126
moving_average,JPY=X,42,long_window_01,True,True,20,True,126
logistic_regression,JPY=X,42,long_window_01,True,True,20,True,126
LightGBM,JPY=X,42,long_window_01,True,True,20,True,126
XGBoost,JPY=X,42,long_window_01,True,True,20,True,126
CatBoost,JPY=X,42,long_window_01,True,True,20,True,126
random,JPY=X,11,long_window_02,True,True,20,True,126
historical_mean,JPY=X,11,long_window_02,True,True,20,True,126
random_walk,JPY=X,11,long_window_02,True,True,20,True,126
buy_hold,JPY=X,11,long_window_02,True,True,20,True,126
momentum,JPY=X,11,long_window_02,True,True,20,True,126
moving_average,JPY=X,11,long_window_02,True,True,20,True,126
logistic_regression,JPY=X,11,long_window_02,True,True,20,True,126
LightGBM,JPY=X,11,long_window_02,True,True,20,True,126
XGBoost,JPY=X,11,long_window_02,True,True,20,True,126
CatBoost,JPY=X,11,long_window_02,True,True,20,True,126
random,JPY=X,17,long_window_02,True,True,20,True,126
historical_mean,JPY=X,17,long_window_02,True,True,20,True,126
random_walk,JPY=X,17,long_window_02,True,True,20,True,126
buy_hold,JPY=X,17,long_window_02,True,True,20,True,126
momentum,JPY=X,17,long_window_02,True,True,20,True,126
moving_average,JPY=X,17,long_window_02,True,True,20,True,126
logistic_regression,JPY=X,17,long_window_02,True,True,20,True,126
LightGBM,JPY=X,17,long_window_02,True,True,20,True,126
XGBoost,JPY=X,17,long_window_02,True,True,20,True,126
CatBoost,JPY=X,17,long_window_02,True,True,20,True,126
random,JPY=X,23,long_window_02,True,True,20,True,126
historical_mean,JPY=X,23,long_window_02,True,True,20,True,126
random_walk,JPY=X,23,long_window_02,True,True,20,True,126
buy_hold,JPY=X,23,long_window_02,True,True,20,True,126
momentum,JPY=X,23,long_window_02,True,True,20,True,126
moving_average,JPY=X,23,long_window_02,True,True,20,True,126
logistic_regression,JPY=X,23,long_window_02,True,True,20,True,126
LightGBM,JPY=X,23,long_window_02,True,True,20,True,126
XGBoost,JPY=X,23,long_window_02,True,True,20,True,126
CatBoost,JPY=X,23,long_window_02,True,True,20,True,126
random,JPY=X,42,long_window_02,True,True,20,True,126
historical_mean,JPY=X,42,long_window_02,True,True,20,True,126
random_walk,JPY=X,42,long_window_02,True,True,20,True,126
buy_hold,JPY=X,42,long_window_02,True,True,20,True,126
momentum,JPY=X,42,long_window_02,True,True,20,True,126
moving_average,JPY=X,42,long_window_02,True,True,20,True,126
logistic_regression,JPY=X,42,long_window_02,True,True,20,True,126
LightGBM,JPY=X,42,long_window_02,True,True,20,True,126
XGBoost,JPY=X,42,long_window_02,True,True,20,True,126
CatBoost,JPY=X,42,long_window_02,True,True,20,True,126
random,INR=X,11,long_window_01,True,True,20,True,126
historical_mean,INR=X,11,long_window_01,True,True,20,True,126
random_walk,INR=X,11,long_window_01,True,True,20,True,126
buy_hold,INR=X,11,long_window_01,True,True,20,True,126
momentum,INR=X,11,long_window_01,True,True,20,True,126
moving_average,INR=X,11,long_window_01,True,True,20,True,126
logistic_regression,INR=X,11,long_window_01,True,True,20,True,126
LightGBM,INR=X,11,long_window_01,True,True,20,True,126
XGBoost,INR=X,11,long_window_01,True,True,20,True,126
CatBoost,INR=X,11,long_window_01,True,True,20,True,126
random,INR=X,17,long_window_01,True,True,20,True,126
historical_mean,INR=X,17,long_window_01,True,True,20,True,126
random_walk,INR=X,17,long_window_01,True,True,20,True,126
buy_hold,INR=X,17,long_window_01,True,True,20,True,126
momentum,INR=X,17,long_window_01,True,True,20,True,126
moving_average,INR=X,17,long_window_01,True,True,20,True,126
logistic_regression,INR=X,17,long_window_01,True,True,20,True,126
LightGBM,INR=X,17,long_window_01,True,True,20,True,126
XGBoost,INR=X,17,long_window_01,True,True,20,True,126
CatBoost,INR=X,17,long_window_01,True,True,20,True,126
random,INR=X,23,long_window_01,True,True,20,True,126
historical_mean,INR=X,23,long_window_01,True,True,20,True,126
random_walk,INR=X,23,long_window_01,True,True,20,True,126
buy_hold,INR=X,23,long_window_01,True,True,20,True,126
momentum,INR=X,23,long_window_01,True,True,20,True,126
moving_average,INR=X,23,long_window_01,True,True,20,True,126
logistic_regression,INR=X,23,long_window_01,True,True,20,True,126
LightGBM,INR=X,23,long_window_01,True,True,20,True,126
XGBoost,INR=X,23,long_window_01,True,True,20,True,126
CatBoost,INR=X,23,long_window_01,True,True,20,True,126
random,INR=X,42,long_window_01,True,True,20,True,126
historical_mean,INR=X,42,long_window_01,True,True,20,True,126
random_walk,INR=X,42,long_window_01,True,True,20,True,126
buy_hold,INR=X,42,long_window_01,True,True,20,True,126
momentum,INR=X,42,long_window_01,True,True,20,True,126
moving_average,INR=X,42,long_window_01,True,True,20,True,126
logistic_regression,INR=X,42,long_window_01,True,True,20,True,126
LightGBM,INR=X,42,long_window_01,True,True,20,True,126
XGBoost,INR=X,42,long_window_01,True,True,20,True,126
CatBoost,INR=X,42,long_window_01,True,True,20,True,126
random,INR=X,11,long_window_02,True,True,20,True,126
historical_mean,INR=X,11,long_window_02,True,True,20,True,126
random_walk,INR=X,11,long_window_02,True,True,20,True,126
buy_hold,INR=X,11,long_window_02,True,True,20,True,126
momentum,INR=X,11,long_window_02,True,True,20,True,126
moving_average,INR=X,11,long_window_02,True,True,20,True,126
logistic_regression,INR=X,11,long_window_02,True,True,20,True,126
LightGBM,INR=X,11,long_window_02,True,True,20,True,126
XGBoost,INR=X,11,long_window_02,True,True,20,True,126
CatBoost,INR=X,11,long_window_02,True,True,20,True,126
random,INR=X,17,long_window_02,True,True,20,True,126
historical_mean,INR=X,17,long_window_02,True,True,20,True,126
random_walk,INR=X,17,long_window_02,True,True,20,True,126
buy_hold,INR=X,17,long_window_02,True,True,20,True,126
momentum,INR=X,17,long_window_02,True,True,20,True,126
moving_average,INR=X,17,long_window_02,True,True,20,True,126
logistic_regression,INR=X,17,long_window_02,True,True,20,True,126
LightGBM,INR=X,17,long_window_02,True,True,20,True,126
XGBoost,INR=X,17,long_window_02,True,True,20,True,126
CatBoost,INR=X,17,long_window_02,True,True,20,True,126
random,INR=X,23,long_window_02,True,True,20,True,126
historical_mean,INR=X,23,long_window_02,True,True,20,True,126
random_walk,INR=X,23,long_window_02,True,True,20,True,126
buy_hold,INR=X,23,long_window_02,True,True,20,True,126
momentum,INR=X,23,long_window_02,True,True,20,True,126
moving_average,INR=X,23,long_window_02,True,True,20,True,126
logistic_regression,INR=X,23,long_window_02,True,True,20,True,126
LightGBM,INR=X,23,long_window_02,True,True,20,True,126
XGBoost,INR=X,23,long_window_02,True,True,20,True,126
CatBoost,INR=X,23,long_window_02,True,True,20,True,126
random,INR=X,42,long_window_02,True,True,20,True,126
historical_mean,INR=X,42,long_window_02,True,True,20,True,126
random_walk,INR=X,42,long_window_02,True,True,20,True,126
buy_hold,INR=X,42,long_window_02,True,True,20,True,126
momentum,INR=X,42,long_window_02,True,True,20,True,126
moving_average,INR=X,42,long_window_02,True,True,20,True,126
logistic_regression,INR=X,42,long_window_02,True,True,20,True,126
LightGBM,INR=X,42,long_window_02,True,True,20,True,126
XGBoost,INR=X,42,long_window_02,True,True,20,True,126
CatBoost,INR=X,42,long_window_02,True,True,20,True,126
random,AUDUSD=X,11,long_window_01,True,True,20,True,126
historical_mean,AUDUSD=X,11,long_window_01,True,True,20,True,126
random_walk,AUDUSD=X,11,long_window_01,True,True,20,True,126
buy_hold,AUDUSD=X,11,long_window_01,True,True,20,True,126
momentum,AUDUSD=X,11,long_window_01,True,True,20,True,126
moving_average,AUDUSD=X,11,long_window_01,True,True,20,True,126
logistic_regression,AUDUSD=X,11,long_window_01,True,True,20,True,126
LightGBM,AUDUSD=X,11,long_window_01,True,True,20,True,126
XGBoost,AUDUSD=X,11,long_window_01,True,True,20,True,126
CatBoost,AUDUSD=X,11,long_window_01,True,True,20,True,126
random,AUDUSD=X,17,long_window_01,True,True,20,True,126
historical_mean,AUDUSD=X,17,long_window_01,True,True,20,True,126
random_walk,AUDUSD=X,17,long_window_01,True,True,20,True,126
buy_hold,AUDUSD=X,17,long_window_01,True,True,20,True,126
momentum,AUDUSD=X,17,long_window_01,True,True,20,True,126
moving_average,AUDUSD=X,17,long_window_01,True,True,20,True,126
logistic_regression,AUDUSD=X,17,long_window_01,True,True,20,True,126
LightGBM,AUDUSD=X,17,long_window_01,True,True,20,True,126
XGBoost,AUDUSD=X,17,long_window_01,True,True,20,True,126
CatBoost,AUDUSD=X,17,long_window_01,True,True,20,True,126
random,AUDUSD=X,23,long_window_01,True,True,20,True,126
historical_mean,AUDUSD=X,23,long_window_01,True,True,20,True,126
random_walk,AUDUSD=X,23,long_window_01,True,True,20,True,126
buy_hold,AUDUSD=X,23,long_window_01,True,True,20,True,126
momentum,AUDUSD=X,23,long_window_01,True,True,20,True,126
moving_average,AUDUSD=X,23,long_window_01,True,True,20,True,126
logistic_regression,AUDUSD=X,23,long_window_01,True,True,20,True,126
LightGBM,AUDUSD=X,23,long_window_01,True,True,20,True,126
XGBoost,AUDUSD=X,23,long_window_01,True,True,20,True,126
CatBoost,AUDUSD=X,23,long_window_01,True,True,20,True,126
random,AUDUSD=X,42,long_window_01,True,True,20,True,126
historical_mean,AUDUSD=X,42,long_window_01,True,True,20,True,126
random_walk,AUDUSD=X,42,long_window_01,True,True,20,True,126
buy_hold,AUDUSD=X,42,long_window_01,True,True,20,True,126
momentum,AUDUSD=X,42,long_window_01,True,True,20,True,126
moving_average,AUDUSD=X,42,long_window_01,True,True,20,True,126
logistic_regression,AUDUSD=X,42,long_window_01,True,True,20,True,126
LightGBM,AUDUSD=X,42,long_window_01,True,True,20,True,126
XGBoost,AUDUSD=X,42,long_window_01,True,True,20,True,126
CatBoost,AUDUSD=X,42,long_window_01,True,True,20,True,126
random,AUDUSD=X,11,long_window_02,True,True,20,True,126
historical_mean,AUDUSD=X,11,long_window_02,True,True,20,True,126
random_walk,AUDUSD=X,11,long_window_02,True,True,20,True,126
buy_hold,AUDUSD=X,11,long_window_02,True,True,20,True,126
momentum,AUDUSD=X,11,long_window_02,True,True,20,True,126
moving_average,AUDUSD=X,11,long_window_02,True,True,20,True,126
logistic_regression,AUDUSD=X,11,long_window_02,True,True,20,True,126
LightGBM,AUDUSD=X,11,long_window_02,True,True,20,True,126
XGBoost,AUDUSD=X,11,long_window_02,True,True,20,True,126
CatBoost,AUDUSD=X,11,long_window_02,True,True,20,True,126
random,AUDUSD=X,17,long_window_02,True,True,20,True,126
historical_mean,AUDUSD=X,17,long_window_02,True,True,20,True,126
random_walk,AUDUSD=X,17,long_window_02,True,True,20,True,126
buy_hold,AUDUSD=X,17,long_window_02,True,True,20,True,126
momentum,AUDUSD=X,17,long_window_02,True,True,20,True,126
moving_average,AUDUSD=X,17,long_window_02,True,True,20,True,126
logistic_regression,AUDUSD=X,17,long_window_02,True,True,20,True,126
LightGBM,AUDUSD=X,17,long_window_02,True,True,20,True,126
XGBoost,AUDUSD=X,17,long_window_02,True,True,20,True,126
CatBoost,AUDUSD=X,17,long_window_02,True,True,20,True,126
random,AUDUSD=X,23,long_window_02,True,True,20,True,126
historical_mean,AUDUSD=X,23,long_window_02,True,True,20,True,126
random_walk,AUDUSD=X,23,long_window_02,True,True,20,True,126
buy_hold,AUDUSD=X,23,long_window_02,True,True,20,True,126
momentum,AUDUSD=X,23,long_window_02,True,True,20,True,126
moving_average,AUDUSD=X,23,long_window_02,True,True,20,True,126
logistic_regression,AUDUSD=X,23,long_window_02,True,True,20,True,126
LightGBM,AUDUSD=X,23,long_window_02,True,True,20,True,126
XGBoost,AUDUSD=X,23,long_window_02,True,True,20,True,126
CatBoost,AUDUSD=X,23,long_window_02,True,True,20,True,126
random,AUDUSD=X,42,long_window_02,True,True,20,True,126
historical_mean,AUDUSD=X,42,long_window_02,True,True,20,True,126
random_walk,AUDUSD=X,42,long_window_02,True,True,20,True,126
buy_hold,AUDUSD=X,42,long_window_02,True,True,20,True,126
momentum,AUDUSD=X,42,long_window_02,True,True,20,True,126
moving_average,AUDUSD=X,42,long_window_02,True,True,20,True,126
logistic_regression,AUDUSD=X,42,long_window_02,True,True,20,True,126
LightGBM,AUDUSD=X,42,long_window_02,True,True,20,True,126
XGBoost,AUDUSD=X,42,long_window_02,True,True,20,True,126
CatBoost,AUDUSD=X,42,long_window_02,True,True,20,True,126
random,CAD=X,11,long_window_01,True,True,20,True,126
historical_mean,CAD=X,11,long_window_01,True,True,20,True,126
random_walk,CAD=X,11,long_window_01,True,True,20,True,126
buy_hold,CAD=X,11,long_window_01,True,True,20,True,126
momentum,CAD=X,11,long_window_01,True,True,20,True,126
moving_average,CAD=X,11,long_window_01,True,True,20,True,126
logistic_regression,CAD=X,11,long_window_01,True,True,20,True,126
LightGBM,CAD=X,11,long_window_01,True,True,20,True,126
XGBoost,CAD=X,11,long_window_01,True,True,20,True,126
CatBoost,CAD=X,11,long_window_01,True,True,20,True,126
random,CAD=X,17,long_window_01,True,True,20,True,126
historical_mean,CAD=X,17,long_window_01,True,True,20,True,126
random_walk,CAD=X,17,long_window_01,True,True,20,True,126
buy_hold,CAD=X,17,long_window_01,True,True,20,True,126
momentum,CAD=X,17,long_window_01,True,True,20,True,126
moving_average,CAD=X,17,long_window_01,True,True,20,True,126
logistic_regression,CAD=X,17,long_window_01,True,True,20,True,126
LightGBM,CAD=X,17,long_window_01,True,True,20,True,126
XGBoost,CAD=X,17,long_window_01,True,True,20,True,126
CatBoost,CAD=X,17,long_window_01,True,True,20,True,126
random,CAD=X,23,long_window_01,True,True,20,True,126
historical_mean,CAD=X,23,long_window_01,True,True,20,True,126
random_walk,CAD=X,23,long_window_01,True,True,20,True,126
buy_hold,CAD=X,23,long_window_01,True,True,20,True,126
momentum,CAD=X,23,long_window_01,True,True,20,True,126
moving_average,CAD=X,23,long_window_01,True,True,20,True,126
logistic_regression,CAD=X,23,long_window_01,True,True,20,True,126
LightGBM,CAD=X,23,long_window_01,True,True,20,True,126
XGBoost,CAD=X,23,long_window_01,True,True,20,True,126
CatBoost,CAD=X,23,long_window_01,True,True,20,True,126
random,CAD=X,42,long_window_01,True,True,20,True,126
historical_mean,CAD=X,42,long_window_01,True,True,20,True,126
random_walk,CAD=X,42,long_window_01,True,True,20,True,126
buy_hold,CAD=X,42,long_window_01,True,True,20,True,126
momentum,CAD=X,42,long_window_01,True,True,20,True,126
moving_average,CAD=X,42,long_window_01,True,True,20,True,126
logistic_regression,CAD=X,42,long_window_01,True,True,20,True,126
LightGBM,CAD=X,42,long_window_01,True,True,20,True,126
XGBoost,CAD=X,42,long_window_01,True,True,20,True,126
CatBoost,CAD=X,42,long_window_01,True,True,20,True,126
random,CAD=X,11,long_window_02,True,True,20,True,126
historical_mean,CAD=X,11,long_window_02,True,True,20,True,126
random_walk,CAD=X,11,long_window_02,True,True,20,True,126
buy_hold,CAD=X,11,long_window_02,True,True,20,True,126
momentum,CAD=X,11,long_window_02,True,True,20,True,126
moving_average,CAD=X,11,long_window_02,True,True,20,True,126
logistic_regression,CAD=X,11,long_window_02,True,True,20,True,126
LightGBM,CAD=X,11,long_window_02,True,True,20,True,126
XGBoost,CAD=X,11,long_window_02,True,True,20,True,126
CatBoost,CAD=X,11,long_window_02,True,True,20,True,126
random,CAD=X,17,long_window_02,True,True,20,True,126
historical_mean,CAD=X,17,long_window_02,True,True,20,True,126
random_walk,CAD=X,17,long_window_02,True,True,20,True,126
buy_hold,CAD=X,17,long_window_02,True,True,20,True,126
momentum,CAD=X,17,long_window_02,True,True,20,True,126
moving_average,CAD=X,17,long_window_02,True,True,20,True,126
logistic_regression,CAD=X,17,long_window_02,True,True,20,True,126
LightGBM,CAD=X,17,long_window_02,True,True,20,True,126
XGBoost,CAD=X,17,long_window_02,True,True,20,True,126
CatBoost,CAD=X,17,long_window_02,True,True,20,True,126
random,CAD=X,23,long_window_02,True,True,20,True,126
historical_mean,CAD=X,23,long_window_02,True,True,20,True,126
random_walk,CAD=X,23,long_window_02,True,True,20,True,126
buy_hold,CAD=X,23,long_window_02,True,True,20,True,126
momentum,CAD=X,23,long_window_02,True,True,20,True,126
moving_average,CAD=X,23,long_window_02,True,True,20,True,126
logistic_regression,CAD=X,23,long_window_02,True,True,20,True,126
LightGBM,CAD=X,23,long_window_02,True,True,20,True,126
XGBoost,CAD=X,23,long_window_02,True,True,20,True,126
CatBoost,CAD=X,23,long_window_02,True,True,20,True,126
random,CAD=X,42,long_window_02,True,True,20,True,126
historical_mean,CAD=X,42,long_window_02,True,True,20,True,126
random_walk,CAD=X,42,long_window_02,True,True,20,True,126
buy_hold,CAD=X,42,long_window_02,True,True,20,True,126
momentum,CAD=X,42,long_window_02,True,True,20,True,126
moving_average,CAD=X,42,long_window_02,True,True,20,True,126
logistic_regression,CAD=X,42,long_window_02,True,True,20,True,126
LightGBM,CAD=X,42,long_window_02,True,True,20,True,126
XGBoost,CAD=X,42,long_window_02,True,True,20,True,126
CatBoost,CAD=X,42,long_window_02,True,True,20,True,126
random,AAPL,11,long_window_01,True,True,20,True,126
historical_mean,AAPL,11,long_window_01,True,True,20,True,126
random_walk,AAPL,11,long_window_01,True,True,20,True,126
buy_hold,AAPL,11,long_window_01,True,True,20,True,126
momentum,AAPL,11,long_window_01,True,True,20,True,126
moving_average,AAPL,11,long_window_01,True,True,20,True,126
logistic_regression,AAPL,11,long_window_01,True,True,20,True,126
LightGBM,AAPL,11,long_window_01,True,True,20,True,126
XGBoost,AAPL,11,long_window_01,True,True,20,True,126
CatBoost,AAPL,11,long_window_01,True,True,20,True,126
random,AAPL,17,long_window_01,True,True,20,True,126
historical_mean,AAPL,17,long_window_01,True,True,20,True,126
random_walk,AAPL,17,long_window_01,True,True,20,True,126
buy_hold,AAPL,17,long_window_01,True,True,20,True,126
momentum,AAPL,17,long_window_01,True,True,20,True,126
moving_average,AAPL,17,long_window_01,True,True,20,True,126
logistic_regression,AAPL,17,long_window_01,True,True,20,True,126
LightGBM,AAPL,17,long_window_01,True,True,20,True,126
XGBoost,AAPL,17,long_window_01,True,True,20,True,126
CatBoost,AAPL,17,long_window_01,True,True,20,True,126
random,AAPL,23,long_window_01,True,True,20,True,126
historical_mean,AAPL,23,long_window_01,True,True,20,True,126
random_walk,AAPL,23,long_window_01,True,True,20,True,126
buy_hold,AAPL,23,long_window_01,True,True,20,True,126
momentum,AAPL,23,long_window_01,True,True,20,True,126
moving_average,AAPL,23,long_window_01,True,True,20,True,126
logistic_regression,AAPL,23,long_window_01,True,True,20,True,126
LightGBM,AAPL,23,long_window_01,True,True,20,True,126
XGBoost,AAPL,23,long_window_01,True,True,20,True,126
CatBoost,AAPL,23,long_window_01,True,True,20,True,126
random,AAPL,42,long_window_01,True,True,20,True,126
historical_mean,AAPL,42,long_window_01,True,True,20,True,126
random_walk,AAPL,42,long_window_01,True,True,20,True,126
buy_hold,AAPL,42,long_window_01,True,True,20,True,126
momentum,AAPL,42,long_window_01,True,True,20,True,126
moving_average,AAPL,42,long_window_01,True,True,20,True,126
logistic_regression,AAPL,42,long_window_01,True,True,20,True,126
LightGBM,AAPL,42,long_window_01,True,True,20,True,126
XGBoost,AAPL,42,long_window_01,True,True,20,True,126
CatBoost,AAPL,42,long_window_01,True,True,20,True,126
random,AAPL,11,long_window_02,True,True,20,True,126
historical_mean,AAPL,11,long_window_02,True,True,20,True,126
random_walk,AAPL,11,long_window_02,True,True,20,True,126
buy_hold,AAPL,11,long_window_02,True,True,20,True,126
momentum,AAPL,11,long_window_02,True,True,20,True,126
moving_average,AAPL,11,long_window_02,True,True,20,True,126
logistic_regression,AAPL,11,long_window_02,True,True,20,True,126
LightGBM,AAPL,11,long_window_02,True,True,20,True,126
XGBoost,AAPL,11,long_window_02,True,True,20,True,126
CatBoost,AAPL,11,long_window_02,True,True,20,True,126
random,AAPL,17,long_window_02,True,True,20,True,126
historical_mean,AAPL,17,long_window_02,True,True,20,True,126
random_walk,AAPL,17,long_window_02,True,True,20,True,126
buy_hold,AAPL,17,long_window_02,True,True,20,True,126
momentum,AAPL,17,long_window_02,True,True,20,True,126
moving_average,AAPL,17,long_window_02,True,True,20,True,126
logistic_regression,AAPL,17,long_window_02,True,True,20,True,126
LightGBM,AAPL,17,long_window_02,True,True,20,True,126
XGBoost,AAPL,17,long_window_02,True,True,20,True,126
CatBoost,AAPL,17,long_window_02,True,True,20,True,126
random,AAPL,23,long_window_02,True,True,20,True,126
historical_mean,AAPL,23,long_window_02,True,True,20,True,126
random_walk,AAPL,23,long_window_02,True,True,20,True,126
buy_hold,AAPL,23,long_window_02,True,True,20,True,126
momentum,AAPL,23,long_window_02,True,True,20,True,126
moving_average,AAPL,23,long_window_02,True,True,20,True,126
logistic_regression,AAPL,23,long_window_02,True,True,20,True,126
LightGBM,AAPL,23,long_window_02,True,True,20,True,126
XGBoost,AAPL,23,long_window_02,True,True,20,True,126
CatBoost,AAPL,23,long_window_02,True,True,20,True,126
random,AAPL,42,long_window_02,True,True,20,True,126
historical_mean,AAPL,42,long_window_02,True,True,20,True,126
random_walk,AAPL,42,long_window_02,True,True,20,True,126
buy_hold,AAPL,42,long_window_02,True,True,20,True,126
momentum,AAPL,42,long_window_02,True,True,20,True,126
moving_average,AAPL,42,long_window_02,True,True,20,True,126
logistic_regression,AAPL,42,long_window_02,True,True,20,True,126
LightGBM,AAPL,42,long_window_02,True,True,20,True,126
XGBoost,AAPL,42,long_window_02,True,True,20,True,126
CatBoost,AAPL,42,long_window_02,True,True,20,True,126
random,UNH,11,long_window_01,True,True,20,True,126
historical_mean,UNH,11,long_window_01,True,True,20,True,126
random_walk,UNH,11,long_window_01,True,True,20,True,126
buy_hold,UNH,11,long_window_01,True,True,20,True,126
momentum,UNH,11,long_window_01,True,True,20,True,126
moving_average,UNH,11,long_window_01,True,True,20,True,126
logistic_regression,UNH,11,long_window_01,True,True,20,True,126
LightGBM,UNH,11,long_window_01,True,True,20,True,126
XGBoost,UNH,11,long_window_01,True,True,20,True,126
CatBoost,UNH,11,long_window_01,True,True,20,True,126
random,UNH,17,long_window_01,True,True,20,True,126
historical_mean,UNH,17,long_window_01,True,True,20,True,126
random_walk,UNH,17,long_window_01,True,True,20,True,126
buy_hold,UNH,17,long_window_01,True,True,20,True,126
momentum,UNH,17,long_window_01,True,True,20,True,126
moving_average,UNH,17,long_window_01,True,True,20,True,126
logistic_regression,UNH,17,long_window_01,True,True,20,True,126
LightGBM,UNH,17,long_window_01,True,True,20,True,126
XGBoost,UNH,17,long_window_01,True,True,20,True,126
CatBoost,UNH,17,long_window_01,True,True,20,True,126
random,UNH,23,long_window_01,True,True,20,True,126
historical_mean,UNH,23,long_window_01,True,True,20,True,126
random_walk,UNH,23,long_window_01,True,True,20,True,126
buy_hold,UNH,23,long_window_01,True,True,20,True,126
momentum,UNH,23,long_window_01,True,True,20,True,126
moving_average,UNH,23,long_window_01,True,True,20,True,126
logistic_regression,UNH,23,long_window_01,True,True,20,True,126
LightGBM,UNH,23,long_window_01,True,True,20,True,126
XGBoost,UNH,23,long_window_01,True,True,20,True,126
CatBoost,UNH,23,long_window_01,True,True,20,True,126
random,UNH,42,long_window_01,True,True,20,True,126
historical_mean,UNH,42,long_window_01,True,True,20,True,126
random_walk,UNH,42,long_window_01,True,True,20,True,126
buy_hold,UNH,42,long_window_01,True,True,20,True,126
momentum,UNH,42,long_window_01,True,True,20,True,126
moving_average,UNH,42,long_window_01,True,True,20,True,126
logistic_regression,UNH,42,long_window_01,True,True,20,True,126
LightGBM,UNH,42,long_window_01,True,True,20,True,126
XGBoost,UNH,42,long_window_01,True,True,20,True,126
CatBoost,UNH,42,long_window_01,True,True,20,True,126
random,UNH,11,long_window_02,True,True,20,True,126
historical_mean,UNH,11,long_window_02,True,True,20,True,126
random_walk,UNH,11,long_window_02,True,True,20,True,126
buy_hold,UNH,11,long_window_02,True,True,20,True,126
momentum,UNH,11,long_window_02,True,True,20,True,126
moving_average,UNH,11,long_window_02,True,True,20,True,126
logistic_regression,UNH,11,long_window_02,True,True,20,True,126
LightGBM,UNH,11,long_window_02,True,True,20,True,126
XGBoost,UNH,11,long_window_02,True,True,20,True,126
CatBoost,UNH,11,long_window_02,True,True,20,True,126
random,UNH,17,long_window_02,True,True,20,True,126
historical_mean,UNH,17,long_window_02,True,True,20,True,126
random_walk,UNH,17,long_window_02,True,True,20,True,126
buy_hold,UNH,17,long_window_02,True,True,20,True,126
momentum,UNH,17,long_window_02,True,True,20,True,126
moving_average,UNH,17,long_window_02,True,True,20,True,126
logistic_regression,UNH,17,long_window_02,True,True,20,True,126
LightGBM,UNH,17,long_window_02,True,True,20,True,126
XGBoost,UNH,17,long_window_02,True,True,20,True,126
CatBoost,UNH,17,long_window_02,True,True,20,True,126
random,UNH,23,long_window_02,True,True,20,True,126
historical_mean,UNH,23,long_window_02,True,True,20,True,126
random_walk,UNH,23,long_window_02,True,True,20,True,126
buy_hold,UNH,23,long_window_02,True,True,20,True,126
momentum,UNH,23,long_window_02,True,True,20,True,126
moving_average,UNH,23,long_window_02,True,True,20,True,126
logistic_regression,UNH,23,long_window_02,True,True,20,True,126
LightGBM,UNH,23,long_window_02,True,True,20,True,126
XGBoost,UNH,23,long_window_02,True,True,20,True,126
CatBoost,UNH,23,long_window_02,True,True,20,True,126
random,UNH,42,long_window_02,True,True,20,True,126
historical_mean,UNH,42,long_window_02,True,True,20,True,126
random_walk,UNH,42,long_window_02,True,True,20,True,126
buy_hold,UNH,42,long_window_02,True,True,20,True,126
momentum,UNH,42,long_window_02,True,True,20,True,126
moving_average,UNH,42,long_window_02,True,True,20,True,126
logistic_regression,UNH,42,long_window_02,True,True,20,True,126
LightGBM,UNH,42,long_window_02,True,True,20,True,126
XGBoost,UNH,42,long_window_02,True,True,20,True,126
CatBoost,UNH,42,long_window_02,True,True,20,True,126
random,AMZN,11,long_window_01,True,True,20,True,126
historical_mean,AMZN,11,long_window_01,True,True,20,True,126
random_walk,AMZN,11,long_window_01,True,True,20,True,126
buy_hold,AMZN,11,long_window_01,True,True,20,True,126
momentum,AMZN,11,long_window_01,True,True,20,True,126
moving_average,AMZN,11,long_window_01,True,True,20,True,126
logistic_regression,AMZN,11,long_window_01,True,True,20,True,126
LightGBM,AMZN,11,long_window_01,True,True,20,True,126
XGBoost,AMZN,11,long_window_01,True,True,20,True,126
CatBoost,AMZN,11,long_window_01,True,True,20,True,126
random,AMZN,17,long_window_01,True,True,20,True,126
historical_mean,AMZN,17,long_window_01,True,True,20,True,126
random_walk,AMZN,17,long_window_01,True,True,20,True,126
buy_hold,AMZN,17,long_window_01,True,True,20,True,126
momentum,AMZN,17,long_window_01,True,True,20,True,126
moving_average,AMZN,17,long_window_01,True,True,20,True,126
logistic_regression,AMZN,17,long_window_01,True,True,20,True,126
LightGBM,AMZN,17,long_window_01,True,True,20,True,126
XGBoost,AMZN,17,long_window_01,True,True,20,True,126
CatBoost,AMZN,17,long_window_01,True,True,20,True,126
random,AMZN,23,long_window_01,True,True,20,True,126
historical_mean,AMZN,23,long_window_01,True,True,20,True,126
random_walk,AMZN,23,long_window_01,True,True,20,True,126
buy_hold,AMZN,23,long_window_01,True,True,20,True,126
momentum,AMZN,23,long_window_01,True,True,20,True,126
moving_average,AMZN,23,long_window_01,True,True,20,True,126
logistic_regression,AMZN,23,long_window_01,True,True,20,True,126
LightGBM,AMZN,23,long_window_01,True,True,20,True,126
XGBoost,AMZN,23,long_window_01,True,True,20,True,126
CatBoost,AMZN,23,long_window_01,True,True,20,True,126
random,AMZN,42,long_window_01,True,True,20,True,126
historical_mean,AMZN,42,long_window_01,True,True,20,True,126
random_walk,AMZN,42,long_window_01,True,True,20,True,126
buy_hold,AMZN,42,long_window_01,True,True,20,True,126
momentum,AMZN,42,long_window_01,True,True,20,True,126
moving_average,AMZN,42,long_window_01,True,True,20,True,126
logistic_regression,AMZN,42,long_window_01,True,True,20,True,126
LightGBM,AMZN,42,long_window_01,True,True,20,True,126
XGBoost,AMZN,42,long_window_01,True,True,20,True,126
CatBoost,AMZN,42,long_window_01,True,True,20,True,126
random,AMZN,11,long_window_02,True,True,20,True,126
historical_mean,AMZN,11,long_window_02,True,True,20,True,126
random_walk,AMZN,11,long_window_02,True,True,20,True,126
buy_hold,AMZN,11,long_window_02,True,True,20,True,126
momentum,AMZN,11,long_window_02,True,True,20,True,126
moving_average,AMZN,11,long_window_02,True,True,20,True,126
logistic_regression,AMZN,11,long_window_02,True,True,20,True,126
LightGBM,AMZN,11,long_window_02,True,True,20,True,126
XGBoost,AMZN,11,long_window_02,True,True,20,True,126
CatBoost,AMZN,11,long_window_02,True,True,20,True,126
random,AMZN,17,long_window_02,True,True,20,True,126
historical_mean,AMZN,17,long_window_02,True,True,20,True,126
random_walk,AMZN,17,long_window_02,True,True,20,True,126
buy_hold,AMZN,17,long_window_02,True,True,20,True,126
momentum,AMZN,17,long_window_02,True,True,20,True,126
moving_average,AMZN,17,long_window_02,True,True,20,True,126
logistic_regression,AMZN,17,long_window_02,True,True,20,True,126
LightGBM,AMZN,17,long_window_02,True,True,20,True,126
XGBoost,AMZN,17,long_window_02,True,True,20,True,126
CatBoost,AMZN,17,long_window_02,True,True,20,True,126
random,AMZN,23,long_window_02,True,True,20,True,126
historical_mean,AMZN,23,long_window_02,True,True,20,True,126
random_walk,AMZN,23,long_window_02,True,True,20,True,126
buy_hold,AMZN,23,long_window_02,True,True,20,True,126
momentum,AMZN,23,long_window_02,True,True,20,True,126
moving_average,AMZN,23,long_window_02,True,True,20,True,126
logistic_regression,AMZN,23,long_window_02,True,True,20,True,126
LightGBM,AMZN,23,long_window_02,True,True,20,True,126
XGBoost,AMZN,23,long_window_02,True,True,20,True,126
CatBoost,AMZN,23,long_window_02,True,True,20,True,126
random,AMZN,42,long_window_02,True,True,20,True,126
historical_mean,AMZN,42,long_window_02,True,True,20,True,126
random_walk,AMZN,42,long_window_02,True,True,20,True,126
buy_hold,AMZN,42,long_window_02,True,True,20,True,126
momentum,AMZN,42,long_window_02,True,True,20,True,126
moving_average,AMZN,42,long_window_02,True,True,20,True,126
logistic_regression,AMZN,42,long_window_02,True,True,20,True,126
LightGBM,AMZN,42,long_window_02,True,True,20,True,126
XGBoost,AMZN,42,long_window_02,True,True,20,True,126
CatBoost,AMZN,42,long_window_02,True,True,20,True,126
random,NVDA,11,long_window_01,True,True,20,True,126
historical_mean,NVDA,11,long_window_01,True,True,20,True,126
random_walk,NVDA,11,long_window_01,True,True,20,True,126
buy_hold,NVDA,11,long_window_01,True,True,20,True,126
momentum,NVDA,11,long_window_01,True,True,20,True,126
moving_average,NVDA,11,long_window_01,True,True,20,True,126
logistic_regression,NVDA,11,long_window_01,True,True,20,True,126
LightGBM,NVDA,11,long_window_01,True,True,20,True,126
XGBoost,NVDA,11,long_window_01,True,True,20,True,126
CatBoost,NVDA,11,long_window_01,True,True,20,True,126
random,NVDA,17,long_window_01,True,True,20,True,126
historical_mean,NVDA,17,long_window_01,True,True,20,True,126
random_walk,NVDA,17,long_window_01,True,True,20,True,126
buy_hold,NVDA,17,long_window_01,True,True,20,True,126
momentum,NVDA,17,long_window_01,True,True,20,True,126
moving_average,NVDA,17,long_window_01,True,True,20,True,126
logistic_regression,NVDA,17,long_window_01,True,True,20,True,126
LightGBM,NVDA,17,long_window_01,True,True,20,True,126
XGBoost,NVDA,17,long_window_01,True,True,20,True,126
CatBoost,NVDA,17,long_window_01,True,True,20,True,126
random,NVDA,23,long_window_01,True,True,20,True,126
historical_mean,NVDA,23,long_window_01,True,True,20,True,126
random_walk,NVDA,23,long_window_01,True,True,20,True,126
buy_hold,NVDA,23,long_window_01,True,True,20,True,126
momentum,NVDA,23,long_window_01,True,True,20,True,126
moving_average,NVDA,23,long_window_01,True,True,20,True,126
logistic_regression,NVDA,23,long_window_01,True,True,20,True,126
LightGBM,NVDA,23,long_window_01,True,True,20,True,126
XGBoost,NVDA,23,long_window_01,True,True,20,True,126
CatBoost,NVDA,23,long_window_01,True,True,20,True,126
random,NVDA,42,long_window_01,True,True,20,True,126
historical_mean,NVDA,42,long_window_01,True,True,20,True,126
random_walk,NVDA,42,long_window_01,True,True,20,True,126
buy_hold,NVDA,42,long_window_01,True,True,20,True,126
momentum,NVDA,42,long_window_01,True,True,20,True,126
moving_average,NVDA,42,long_window_01,True,True,20,True,126
logistic_regression,NVDA,42,long_window_01,True,True,20,True,126
LightGBM,NVDA,42,long_window_01,True,True,20,True,126
XGBoost,NVDA,42,long_window_01,True,True,20,True,126
CatBoost,NVDA,42,long_window_01,True,True,20,True,126
random,NVDA,11,long_window_02,True,True,20,True,126
historical_mean,NVDA,11,long_window_02,True,True,20,True,126
random_walk,NVDA,11,long_window_02,True,True,20,True,126
buy_hold,NVDA,11,long_window_02,True,True,20,True,126
momentum,NVDA,11,long_window_02,True,True,20,True,126
moving_average,NVDA,11,long_window_02,True,True,20,True,126
logistic_regression,NVDA,11,long_window_02,True,True,20,True,126
LightGBM,NVDA,11,long_window_02,True,True,20,True,126
XGBoost,NVDA,11,long_window_02,True,True,20,True,126
CatBoost,NVDA,11,long_window_02,True,True,20,True,126
random,NVDA,17,long_window_02,True,True,20,True,126
historical_mean,NVDA,17,long_window_02,True,True,20,True,126
random_walk,NVDA,17,long_window_02,True,True,20,True,126
buy_hold,NVDA,17,long_window_02,True,True,20,True,126
momentum,NVDA,17,long_window_02,True,True,20,True,126
moving_average,NVDA,17,long_window_02,True,True,20,True,126
logistic_regression,NVDA,17,long_window_02,True,True,20,True,126
LightGBM,NVDA,17,long_window_02,True,True,20,True,126
XGBoost,NVDA,17,long_window_02,True,True,20,True,126
CatBoost,NVDA,17,long_window_02,True,True,20,True,126
random,NVDA,23,long_window_02,True,True,20,True,126
historical_mean,NVDA,23,long_window_02,True,True,20,True,126
random_walk,NVDA,23,long_window_02,True,True,20,True,126
buy_hold,NVDA,23,long_window_02,True,True,20,True,126
momentum,NVDA,23,long_window_02,True,True,20,True,126
moving_average,NVDA,23,long_window_02,True,True,20,True,126
logistic_regression,NVDA,23,long_window_02,True,True,20,True,126
LightGBM,NVDA,23,long_window_02,True,True,20,True,126
XGBoost,NVDA,23,long_window_02,True,True,20,True,126
CatBoost,NVDA,23,long_window_02,True,True,20,True,126
random,NVDA,42,long_window_02,True,True,20,True,126
historical_mean,NVDA,42,long_window_02,True,True,20,True,126
random_walk,NVDA,42,long_window_02,True,True,20,True,126
buy_hold,NVDA,42,long_window_02,True,True,20,True,126
momentum,NVDA,42,long_window_02,True,True,20,True,126
moving_average,NVDA,42,long_window_02,True,True,20,True,126
logistic_regression,NVDA,42,long_window_02,True,True,20,True,126
LightGBM,NVDA,42,long_window_02,True,True,20,True,126
XGBoost,NVDA,42,long_window_02,True,True,20,True,126
CatBoost,NVDA,42,long_window_02,True,True,20,True,126
random,TSLA,11,long_window_01,True,True,20,True,126
historical_mean,TSLA,11,long_window_01,True,True,20,True,126
random_walk,TSLA,11,long_window_01,True,True,20,True,126
buy_hold,TSLA,11,long_window_01,True,True,20,True,126
momentum,TSLA,11,long_window_01,True,True,20,True,126
moving_average,TSLA,11,long_window_01,True,True,20,True,126
logistic_regression,TSLA,11,long_window_01,True,True,20,True,126
LightGBM,TSLA,11,long_window_01,True,True,20,True,126
XGBoost,TSLA,11,long_window_01,True,True,20,True,126
CatBoost,TSLA,11,long_window_01,True,True,20,True,126
random,TSLA,17,long_window_01,True,True,20,True,126
historical_mean,TSLA,17,long_window_01,True,True,20,True,126
random_walk,TSLA,17,long_window_01,True,True,20,True,126
buy_hold,TSLA,17,long_window_01,True,True,20,True,126
momentum,TSLA,17,long_window_01,True,True,20,True,126
moving_average,TSLA,17,long_window_01,True,True,20,True,126
logistic_regression,TSLA,17,long_window_01,True,True,20,True,126
LightGBM,TSLA,17,long_window_01,True,True,20,True,126
XGBoost,TSLA,17,long_window_01,True,True,20,True,126
CatBoost,TSLA,17,long_window_01,True,True,20,True,126
random,TSLA,23,long_window_01,True,True,20,True,126
historical_mean,TSLA,23,long_window_01,True,True,20,True,126
random_walk,TSLA,23,long_window_01,True,True,20,True,126
buy_hold,TSLA,23,long_window_01,True,True,20,True,126
momentum,TSLA,23,long_window_01,True,True,20,True,126
moving_average,TSLA,23,long_window_01,True,True,20,True,126
logistic_regression,TSLA,23,long_window_01,True,True,20,True,126
LightGBM,TSLA,23,long_window_01,True,True,20,True,126
XGBoost,TSLA,23,long_window_01,True,True,20,True,126
CatBoost,TSLA,23,long_window_01,True,True,20,True,126
random,TSLA,42,long_window_01,True,True,20,True,126
historical_mean,TSLA,42,long_window_01,True,True,20,True,126
random_walk,TSLA,42,long_window_01,True,True,20,True,126
buy_hold,TSLA,42,long_window_01,True,True,20,True,126
momentum,TSLA,42,long_window_01,True,True,20,True,126
moving_average,TSLA,42,long_window_01,True,True,20,True,126
logistic_regression,TSLA,42,long_window_01,True,True,20,True,126
LightGBM,TSLA,42,long_window_01,True,True,20,True,126
XGBoost,TSLA,42,long_window_01,True,True,20,True,126
CatBoost,TSLA,42,long_window_01,True,True,20,True,126
random,TSLA,11,long_window_02,True,True,20,True,126
historical_mean,TSLA,11,long_window_02,True,True,20,True,126
random_walk,TSLA,11,long_window_02,True,True,20,True,126
buy_hold,TSLA,11,long_window_02,True,True,20,True,126
momentum,TSLA,11,long_window_02,True,True,20,True,126
moving_average,TSLA,11,long_window_02,True,True,20,True,126
logistic_regression,TSLA,11,long_window_02,True,True,20,True,126
LightGBM,TSLA,11,long_window_02,True,True,20,True,126
XGBoost,TSLA,11,long_window_02,True,True,20,True,126
CatBoost,TSLA,11,long_window_02,True,True,20,True,126
random,TSLA,17,long_window_02,True,True,20,True,126
historical_mean,TSLA,17,long_window_02,True,True,20,True,126
random_walk,TSLA,17,long_window_02,True,True,20,True,126
buy_hold,TSLA,17,long_window_02,True,True,20,True,126
momentum,TSLA,17,long_window_02,True,True,20,True,126
moving_average,TSLA,17,long_window_02,True,True,20,True,126
logistic_regression,TSLA,17,long_window_02,True,True,20,True,126
LightGBM,TSLA,17,long_window_02,True,True,20,True,126
XGBoost,TSLA,17,long_window_02,True,True,20,True,126
CatBoost,TSLA,17,long_window_02,True,True,20,True,126
random,TSLA,23,long_window_02,True,True,20,True,126
historical_mean,TSLA,23,long_window_02,True,True,20,True,126
random_walk,TSLA,23,long_window_02,True,True,20,True,126
buy_hold,TSLA,23,long_window_02,True,True,20,True,126
momentum,TSLA,23,long_window_02,True,True,20,True,126
moving_average,TSLA,23,long_window_02,True,True,20,True,126
logistic_regression,TSLA,23,long_window_02,True,True,20,True,126
LightGBM,TSLA,23,long_window_02,True,True,20,True,126
XGBoost,TSLA,23,long_window_02,True,True,20,True,126
CatBoost,TSLA,23,long_window_02,True,True,20,True,126
random,TSLA,42,long_window_02,True,True,20,True,126
historical_mean,TSLA,42,long_window_02,True,True,20,True,126
random_walk,TSLA,42,long_window_02,True,True,20,True,126
buy_hold,TSLA,42,long_window_02,True,True,20,True,126
momentum,TSLA,42,long_window_02,True,True,20,True,126
moving_average,TSLA,42,long_window_02,True,True,20,True,126
logistic_regression,TSLA,42,long_window_02,True,True,20,True,126
LightGBM,TSLA,42,long_window_02,True,True,20,True,126
XGBoost,TSLA,42,long_window_02,True,True,20,True,126
CatBoost,TSLA,42,long_window_02,True,True,20,True,126
